_Id	_CreationDate	_PostId	_RelatedPostId	_LinkTypeId
103	2016-08-02T19:22:20.577	118	10	1
136	2016-08-02T21:18:16.763	140	36	1
179	2016-08-03T05:15:39.443	179	26	1
194	2016-08-03T06:20:50.550	148	186	1
195	2016-08-03T06:37:01.983	37	74	1
196	2016-08-03T06:47:44.710	186	148	1
228	2016-08-03T09:18:52.437	202	26	1
280	2016-08-03T14:17:17.257	218	212	1
1581	2016-08-04T11:10:36.090	1296	240	1
1657	2016-08-04T18:52:55.680	1318	111	1
1719	2016-08-05T01:45:17.633	1354	92	1
1777	2016-08-05T18:34:03.610	1384	154	1
1778	2016-08-05T18:34:03.610	1384	225	1
1779	2016-08-05T18:34:03.610	1384	168	1
1780	2016-08-05T18:34:03.610	1384	205	1
1813	2016-08-06T01:27:03.500	1394	237	1
1829	2016-08-06T11:09:15.160	41	15	1
1831	2016-08-06T11:11:32.533	41	1397	1
1871	2016-08-07T07:39:38.143	1433	1376	1
1872	2016-08-07T12:59:43.577	1432	1420	1
1873	2016-08-07T12:59:43.577	1432	1396	1
1874	2016-08-07T17:14:07.107	70	1390	1
1895	2016-08-08T18:17:21.233	1462	1415	1
1968	2016-08-09T07:02:03.893	1477	1285	1
2018	2016-08-09T18:14:32.743	1477	1285	3
2029	2016-08-09T20:54:09.720	1501	60	1
2030	2016-08-09T20:54:09.720	1501	1376	1
2031	2016-08-09T20:54:09.720	1501	111	1
2032	2016-08-09T20:54:09.720	1501	1289	1
2077	2016-08-10T01:51:10.200	1461	1462	1
2099	2016-08-10T03:02:39.970	1519	1507	1
2100	2016-08-10T03:02:39.970	1519	1488	1
2112	2016-08-10T05:54:42.643	1509	1479	1
2113	2016-08-10T11:24:13.367	1485	1490	1
2116	2016-08-10T12:04:22.680	1515	1462	1
2226	2016-08-11T14:59:11.393	1544	1420	1
2284	2016-08-11T18:38:13.963	1540	1420	1
2333	2016-08-11T20:16:51.633	1567	1568	1
2345	2016-08-12T02:48:59.620	1561	1560	1
2464	2016-08-14T03:17:29.793	1614	1427	1
2486	2016-08-15T03:06:01.993	1622	35	1
2498	2016-08-15T03:28:50.017	186	148	3
2568	2016-08-16T01:48:02.907	1644	1560	1
2578	2016-08-16T09:36:55.380	1635	1630	1
2605	2016-08-17T02:29:19.100	1656	1274	1
2617	2016-08-17T02:46:03.100	1657	1655	1
2621	2016-08-17T09:25:43.740	1657	1598	1
2622	2016-08-17T09:31:16.330	1657	1507	1
2680	2016-08-17T14:52:26.230	211	1665	1
2684	2016-08-17T18:02:40.383	1478	1479	1
2875	2016-08-18T19:56:25.287	1691	92	1
2883	2016-08-19T16:51:02.167	1481	1644	1
2885	2016-08-19T18:40:46.010	1701	1481	1
2951	2016-08-23T20:28:49.450	1691	1689	1
2996	2016-08-26T02:52:48.400	1742	86	1
3105	2016-08-29T19:38:38.710	1768	1404	1
3329	2016-09-07T17:26:07.590	1877	1870	1
3330	2016-09-07T20:13:49.120	1885	1314	1
3383	2016-09-10T10:54:14.413	1924	1488	1
3385	2016-09-10T14:27:34.203	1768	1897	1
3400	2016-09-10T19:03:07.180	1930	1404	1
3439	2016-09-11T06:44:59.863	1941	1930	1
3440	2016-09-11T06:44:59.863	1941	1404	1
3441	2016-09-11T09:16:16.310	1939	1635	1
3455	2016-09-11T15:57:30.730	1930	1941	1
3466	2016-09-12T08:25:15.313	1953	1540	1
3475	2016-09-13T18:47:31.657	1648	1507	1
3476	2016-09-13T23:39:02.003	1613	1955	1
3528	2016-09-14T15:23:54.217	1969	41	1
3544	2016-09-15T16:06:03.437	1978	40	1
3655	2016-09-20T17:49:46.740	2000	1396	1
3666	2016-09-22T04:34:42.000	1989	1751	1
3821	2016-10-01T11:45:39.427	2028	1751	1
3822	2016-10-01T11:46:06.403	2028	1751	3
4585	2016-10-04T19:06:15.487	2078	2067	1
4668	2016-10-07T12:37:10.003	2087	1541	1
5094	2016-10-12T16:36:38.953	2125	1507	1
5104	2016-10-12T17:12:53.330	2131	1834	1
5147	2016-10-13T15:34:53.750	2125	1507	3
5239	2016-10-15T07:37:18.947	2145	1751	1
5414	2016-10-19T07:02:55.260	2117	1618	1
5498	2016-10-22T13:18:19.850	2198	2192	1
5512	2016-10-23T16:20:59.140	2198	2192	3
5783	2016-10-31T07:10:10.157	2236	35	1
5895	2016-11-04T11:19:46.717	2251	1426	1
5896	2016-11-04T11:23:11.647	2251	160	1
6004	2016-11-07T19:30:01.783	2274	1768	1
6232	2016-11-16T07:17:07.643	2338	2330	1
6442	2016-11-26T15:04:17.683	2389	52	1
6691	2016-12-01T16:59:14.377	2413	2092	1
7517	2016-12-18T17:20:12.883	2441	2356	1
7523	2016-12-18T19:03:50.793	2498	2441	1
7550	2016-12-20T15:44:15.303	2514	1877	1
7632	2016-12-21T23:05:18.227	2516	1768	1
7974	2016-12-30T17:19:59.427	2578	1451	1
8336	2017-01-10T00:16:56.487	2626	2599	1
8388	2017-01-11T16:11:01.960	2619	240	1
8415	2017-01-12T15:31:01.383	2642	1507	1
8662	2017-01-19T21:38:28.100	2694	35	1
8674	2017-01-20T08:18:07.527	2694	35	3
8767	2017-01-23T17:54:57.023	2713	1561	1
9401	2017-02-06T09:33:57.737	2784	2604	1
9826	2017-02-16T14:11:46.497	2820	2330	1
10041	2017-02-23T21:11:34.133	2867	92	1
10042	2017-02-23T21:11:34.133	2867	1479	1
10167	2017-02-26T00:22:57.857	2872	2277	1
10178	2017-02-26T02:16:05.983	2864	2876	1
10329	2017-03-01T10:57:11.923	2897	2277	1
10330	2017-03-01T11:41:35.190	2897	2872	1
10355	2017-03-01T16:02:10.797	2872	2876	1
10357	2017-03-01T16:55:13.723	2897	2876	1
10403	2017-03-02T22:30:19.713	2900	2876	1
11252	2017-03-23T00:35:38.790	3032	3014	1
11812	2017-04-01T14:14:59.807	3080	3019	1
11854	2017-04-01T20:24:06.433	3066	3006	1
12044	2017-04-04T15:28:21.627	3099	1824	1
13104	2017-04-23T00:23:06.070	2706	15	1
13143	2017-04-24T07:04:49.023	1700	3130	1
14895	2017-05-29T09:02:28.270	3403	2980	1
15551	2017-06-06T20:33:36.100	3441	2306	1
16015	2017-06-13T14:42:56.007	3490	1970	1
16111	2017-06-15T19:47:46.973	3499	3072	1
16414	2017-06-23T17:10:50.830	3533	77	1
16421	2017-06-24T06:16:38.573	3533	2236	1
17479	2017-07-17T13:17:35.240	3659	3647	1
17601	2017-07-18T18:38:47.580	3669	1906	1
17741	2017-07-21T17:14:48.403	3690	1705	1
18901	2017-07-26T00:04:16.653	3055	3494	1
18941	2017-07-26T15:19:07.080	3702	3696	1
18965	2017-07-26T23:53:24.097	3696	2092	1
19010	2017-07-27T16:50:35.287	3719	3630	1
19011	2017-07-27T16:50:35.287	3719	3398	1
19529	2017-08-05T07:13:33.760	3765	3753	1
19686	2017-08-07T19:19:53.870	3773	2226	1
20104	2017-08-15T16:48:36.920	3798	3802	1
20241	2017-08-18T15:38:23.583	3836	3814	1
20242	2017-08-18T15:51:02.303	3814	3836	1
20882	2017-08-29T00:41:05.890	3917	3820	1
21040	2017-08-31T09:42:19.097	258	3801	1
21131	2017-09-01T18:39:10.203	3950	3374	1
21494	2017-09-09T09:50:31.627	3975	3775	1
21729	2017-09-17T11:13:35.627	4045	4013	1
21829	2017-09-19T12:58:18.997	4043	1635	1
23470	2017-09-28T12:11:12.820	4136	3473	1
23742	2017-09-30T18:16:34.443	4131	92	1
23920	2017-10-02T19:47:09.430	4148	111	1
23957	2017-10-03T09:42:23.333	4176	10	1
23958	2017-10-03T09:42:23.333	4176	118	1
25983	2017-10-19T14:23:48.060	4298	4000	1
26129	2017-10-21T04:31:51.850	4257	4148	1
27847	2017-11-03T22:27:20.520	3548	3494	1
27848	2017-11-03T22:27:20.520	3548	2236	1
28301	2017-11-12T16:21:31.413	4414	1294	3
28302	2017-11-12T16:27:45.970	4414	1294	1
31812	2017-12-07T17:20:42.087	4678	1453	1
33080	2017-12-22T00:33:54.503	4817	36	1
34082	2018-01-04T02:06:35.053	4918	4394	1
34427	2018-01-11T20:06:31.863	4743	4975	1
34492	2018-01-12T20:40:24.280	4397	4851	1
34493	2018-01-12T20:45:12.173	4397	4964	1
36641	2018-01-28T10:57:58.387	5175	2727	1
36644	2018-01-28T10:59:52.600	5175	3962	1
36791	2018-01-29T15:46:07.180	5185	4706	1
37155	2018-02-02T13:43:32.413	5208	4399	1
37637	2018-02-05T23:00:14.127	5234	5220	1
38375	2018-02-12T05:09:52.063	5270	4085	1
38434	2018-02-13T02:32:30.913	3138	26	1
38643	2018-02-14T21:35:46.193	5220	5234	1
38727	2018-02-15T11:38:38.140	5320	2274	1
38959	2018-02-16T20:42:18.400	5343	1479	1
38982	2018-02-16T22:31:56.833	5043	4532	1
39199	2018-02-18T16:53:02.973	5348	4464	1
39349	2018-02-19T17:26:40.353	4643	4581	1
39537	2018-02-20T05:47:03.980	5325	4629	1
40816	2018-03-01T13:26:29.477	5475	2980	1
41400	2018-03-05T12:58:43.960	5493	3964	1
41401	2018-03-05T12:58:43.960	5493	2526	1
41653	2018-03-07T07:19:47.700	2526	5493	1
41855	2018-03-09T08:34:46.450	5589	4509	1
41856	2018-03-09T08:34:46.450	5589	4464	1
41857	2018-03-09T08:34:46.450	5589	5338	1
41858	2018-03-09T08:42:47.943	5589	3374	1
41864	2018-03-09T10:45:31.297	5601	5493	1
41897	2018-03-09T18:33:47.850	5587	5575	3
41904	2018-03-09T19:38:09.620	3374	2236	1
41905	2018-03-09T19:38:09.620	3374	3494	1
41916	2018-03-09T19:54:32.897	5593	2236	1
41917	2018-03-09T19:54:32.897	5593	3494	1
41949	2018-03-10T02:41:02.310	5606	3962	1
42190	2018-03-11T18:24:44.683	5636	3374	1
42282	2018-03-12T18:39:58.360	5649	3374	1
42316	2018-03-12T19:21:21.287	5636	4933	1
42391	2018-03-13T05:20:24.997	5636	3374	3
42643	2018-03-14T21:53:29.303	5649	4796	3
45021	2018-03-25T22:17:45.957	5799	2863	1
46374	2018-03-30T18:29:55.530	5839	5496	1
46385	2018-03-30T19:07:54.197	5840	5838	1
46386	2018-03-30T19:07:54.197	5840	4859	1
46772	2018-04-01T21:12:00.103	5861	5728	1
47349	2018-04-04T01:52:15.150	5885	5258	1
47616	2018-04-05T03:04:57.690	5901	5801	1
47750	2018-04-05T13:11:29.407	5493	5601	1
49484	2018-04-12T03:12:54.750	54	3847	1
49922	2018-04-14T04:46:39.597	6040	92	1
50160	2018-04-15T09:08:54.453	6042	2727	1
50161	2018-04-15T09:08:54.453	6042	3962	1
50338	2018-04-16T03:21:26.130	6072	3374	1
51147	2018-04-19T11:59:00.317	6119	6118	1
52720	2018-04-26T12:34:55.227	6170	5904	1
52731	2018-04-26T13:42:48.293	6179	4085	1
54143	2018-05-03T13:48:31.360	6214	5958	1
54210	2018-05-03T19:14:55.933	5452	5728	1
54473	2018-05-04T22:21:03.393	6274	2403	1
54943	2018-05-08T18:01:58.390	6311	5904	1
55357	2018-05-10T19:23:25.520	6344	2008	1
55752	2018-05-12T23:18:02.617	6325	2955	1
59309	2018-05-31T05:59:49.250	6583	5239	1
59427	2018-06-01T10:17:32.597	6468	5601	1
59428	2018-06-01T10:17:32.597	6468	5493	1
59498	2018-06-01T20:55:15.123	6584	3847	1
59717	2018-06-02T19:49:11.737	6633	5580	1
60014	2018-06-04T21:27:08.413	6644	6643	1
60365	2018-06-07T15:31:42.883	6679	3374	3
61555	2018-06-17T10:16:47.057	6776	1479	1
61705	2018-06-18T19:32:27.573	6789	4320	1
62293	2018-06-22T05:58:08.037	6827	1479	1
62790	2018-06-26T08:33:54.773	6889	4696	1
62811	2018-06-26T10:39:29.850	6892	6800	1
62812	2018-06-26T10:39:29.850	6892	92	1
62831	2018-06-26T11:56:10.817	6889	5452	1
63373	2018-06-30T02:27:28.507	5909	6934	1
64095	2018-07-05T18:20:28.697	7021	5239	1
64096	2018-07-05T18:20:28.697	7021	5258	1
64381	2018-07-08T19:09:46.223	7086	7049	1
64804	2018-07-12T17:51:32.460	7129	2441	1
66321	2018-07-17T18:41:58.087	7179	7159	1
66372	2018-07-18T08:37:44.347	7190	3282	1
66811	2018-07-19T03:07:47.370	7199	35	1
68117	2018-07-27T01:35:52.190	7281	7247	1
68558	2018-07-30T08:59:00.030	7343	6982	1
68647	2018-07-30T23:58:56.257	7343	6982	3
68962	2018-08-02T07:23:59.607	5763	3488	1
71217	2018-08-17T16:00:13.137	7617	240	1
71218	2018-08-17T16:00:13.137	7617	60	1
71219	2018-08-17T16:00:13.137	7617	2999	1
71242	2018-08-17T20:47:17.640	7618	7580	1
71353	2018-08-18T14:41:12.377	7624	7591	1
71372	2018-08-18T18:30:14.853	7628	5970	1
71839	2018-08-20T20:12:14.387	7642	7437	1
73003	2018-08-29T08:00:05.877	7738	7459	1
73297	2018-08-31T19:28:58.630	7776	4282	1
73632	2018-09-03T12:49:54.600	7799	6809	1
73973	2018-09-06T17:32:47.410	7859	7842	1
73997	2018-09-06T20:03:46.630	7859	7842	3
74861	2018-09-13T10:12:49.540	7949	5769	1
74874	2018-09-13T10:53:57.323	7916	7952	1
74914	2018-09-13T15:59:36.370	7955	5955	1
74915	2018-09-13T16:00:15.487	7955	5239	1
77351	2018-09-24T13:22:10.870	7328	35	1
77722	2018-09-26T19:19:01.543	5861	7865	1
77779	2018-09-27T13:35:49.813	8145	5728	1
78461	2018-10-01T13:30:51.300	8203	3950	1
78462	2018-10-01T13:38:47.387	8203	3374	1
78761	2018-10-02T23:53:18.980	8227	3494	1
78904	2018-10-03T20:53:03.973	80	8219	1
78956	2018-10-04T07:11:23.617	8251	2980	1
78957	2018-10-04T07:49:48.753	8254	7617	1
80277	2018-10-10T10:02:13.010	8341	7794	1
80459	2018-10-11T17:18:55.547	8359	74	1
80460	2018-10-11T17:19:19.277	8359	1531	1
80529	2018-10-11T23:55:47.353	8341	7406	1
80762	2018-10-13T13:08:47.460	6765	3389	1
80763	2018-10-13T13:08:47.460	6765	7416	1
81104	2018-10-15T06:04:36.427	8414	8338	1
81287	2018-10-15T17:06:20.647	8359	74	3
81375	2018-10-16T00:03:26.557	7897	7337	1
81511	2018-10-16T13:34:12.010	8463	1613	1
81641	2018-10-17T09:55:58.530	8467	7337	1
82170	2018-10-19T10:12:24.067	8168	3428	1
82776	2018-10-22T01:27:58.513	8569	8511	1
83342	2018-10-24T23:39:02.690	8610	8364	1
83406	2018-10-25T10:16:31.263	8615	1479	1
84878	2018-11-01T19:09:48.523	8709	3406	3
85197	2018-11-03T12:51:01.187	8755	5949	1
85216	2018-11-03T14:41:31.623	8761	7963	1
85621	2018-11-05T21:28:27.347	8791	81	1
86045	2018-11-07T22:22:31.113	8824	8651	1
86152	2018-11-08T15:15:55.740	8828	6890	1
86547	2018-11-10T13:32:37.873	8902	5949	1
86563	2018-11-10T14:44:12.973	8821	5949	1
86564	2018-11-10T14:44:55.693	8888	8821	1
86565	2018-11-10T15:27:45.823	8910	4672	1
86566	2018-11-10T15:27:45.823	8910	4910	1
87015	2018-11-12T17:46:07.367	8935	7838	1
87440	2018-11-14T21:10:49.883	8974	1285	1
88694	2018-11-18T22:00:47.657	9047	7328	1
88734	2018-11-18T23:46:59.970	9034	3233	1
89345	2018-11-21T07:05:42.040	9087	74	1
89468	2018-11-21T18:01:33.610	9087	74	3
90332	2018-11-24T21:49:08.167	8951	8821	1
90756	2018-11-26T19:11:05.487	8951	8821	3
90766	2018-11-26T19:42:55.393	9189	4148	1
90822	2018-11-27T00:19:09.213	9189	8631	1
91239	2018-11-28T21:32:39.313	8780	8432	1
91240	2018-11-28T21:32:39.313	8780	1432	1
91241	2018-11-28T21:32:39.313	8780	7986	1
91242	2018-11-28T21:32:39.313	8780	8203	1
91243	2018-11-28T21:32:39.313	8780	4750	1
91412	2018-11-29T19:27:05.387	9231	3002	1
91467	2018-11-29T23:02:12.737	9231	3233	1
91720	2018-11-30T21:58:45.673	9173	6982	1
91783	2018-12-01T06:01:37.497	6968	5898	1
92404	2018-12-04T10:44:50.723	9305	35	1
93924	2018-12-10T07:37:27.507	9429	7079	1
93925	2018-12-10T07:37:27.507	9429	5347	1
93926	2018-12-10T07:37:27.507	9429	7416	1
93927	2018-12-10T07:37:27.507	9429	7328	1
93928	2018-12-10T07:37:27.507	9429	9047	1
94162	2018-12-11T14:32:54.347	6634	7328	1
94376	2018-12-12T07:00:12.553	9461	4672	1
94482	2018-12-12T13:27:58.903	9491	7755	1
94483	2018-12-12T13:27:58.903	9491	2219	1
95322	2018-12-16T02:37:20.897	9417	9534	1
96108	2018-12-19T02:23:39.937	9592	2642	1
96211	2018-12-19T14:55:41.773	9605	2793	1
97626	2018-12-27T00:42:32.183	9405	7337	1
97797	2018-12-27T22:40:42.370	9582	8432	1
97798	2018-12-27T22:40:42.370	9582	3374	1
97799	2018-12-27T22:40:42.370	9582	8203	1
97800	2018-12-27T22:40:42.370	9582	7352	1
97801	2018-12-27T22:40:42.370	9582	6527	1
97818	2018-12-28T00:18:30.347	9610	9405	1
97819	2018-12-28T00:18:30.347	9610	41	1
97820	2018-12-28T00:18:30.347	9610	8219	1
97821	2018-12-28T00:18:30.347	9610	7337	1
97822	2018-12-28T00:18:30.347	9610	4987	1
97823	2018-12-28T00:18:30.347	9610	7573	1
97824	2018-12-28T00:18:30.347	9610	15	1
98698	2019-01-01T21:23:10.047	3472	8190	1
98717	2019-01-02T00:45:05.643	9725	3472	1
98718	2019-01-02T00:45:05.643	9725	9624	1
98951	2019-01-03T17:45:03.813	9813	9725	1
98952	2019-01-03T17:48:14.577	9814	8611	1
99148	2019-01-04T15:32:52.677	9829	7298	1
100321	2019-01-10T05:47:59.047	9914	8039	1
100538	2019-01-11T06:35:26.027	9930	9897	1
100549	2019-01-11T06:51:34.293	9930	9814	1
100745	2019-01-12T01:09:03.157	9941	8027	1
101962	2019-01-15T20:11:32.247	9991	36	3
102178	2019-01-16T18:14:10.703	10032	6573	1
102204	2019-01-16T19:58:36.850	10032	7963	1
102271	2019-01-17T01:18:01.303	9889	2260	3
102606	2019-01-18T08:53:09.787	9889	2260	1
103067	2019-01-20T14:49:32.590	10013	7328	1
103404	2019-01-21T18:59:11.423	10119	6669	1
103405	2019-01-21T18:59:34.273	6669	10119	1
103484	2019-01-22T02:25:29.577	9479	7328	1
103485	2019-01-22T02:25:29.577	9479	10044	1
103516	2019-01-22T07:14:24.343	10127	3374	1
103667	2019-01-22T18:08:05.100	10127	3374	3
104014	2019-01-24T08:09:53.633	10155	7328	1
104092	2019-01-24T16:44:52.397	9996	9089	1
104860	2019-01-27T20:16:58.950	10233	1742	3
105063	2019-01-28T14:51:33.270	3161	10098	1
105064	2019-01-28T14:51:33.270	3161	9745	1
105065	2019-01-28T14:51:33.270	3161	8219	1
105230	2019-01-29T04:38:40.830	10282	4027	1
105357	2019-01-29T18:02:23.903	10298	10265	1
105368	2019-01-29T18:04:21.987	10265	10298	1
105444	2019-01-30T03:03:26.947	10302	240	1
105496	2019-01-30T09:46:29.477	10303	7589	1
105586	2019-01-30T17:30:49.690	10302	240	3
105600	2019-01-30T17:59:25.407	10303	9504	1
105870	2019-01-31T17:49:33.080	10329	6573	1
106577	2019-02-04T12:24:34.163	10386	1742	1
107122	2019-02-05T21:50:54.360	10386	1742	3
107830	2019-02-08T19:40:38.440	10465	10036	1
108179	2019-02-10T04:04:36.467	10203	10306	1
108634	2019-02-11T21:25:45.743	10513	3374	3
108791	2019-02-12T15:35:19.467	10532	10531	1
108792	2019-02-12T15:35:19.467	10532	10372	1
108820	2019-02-12T16:51:26.313	10529	10336	1
109447	2019-02-14T20:06:27.133	9908	10416	1
110517	2019-02-17T13:02:37.940	10607	2008	1
110588	2019-02-17T19:37:42.553	10641	6231	1
110589	2019-02-17T19:37:42.553	10641	6329	1
110650	2019-02-17T23:21:36.873	10643	10644	1
110661	2019-02-17T23:31:00.887	10644	10643	1
110665	2019-02-17T23:36:07.627	10643	145	1
111372	2019-02-19T09:31:39.820	10719	9024	1
111404	2019-02-19T11:02:37.650	10725	4509	1
111417	2019-02-19T11:27:40.387	10725	4509	3
111937	2019-02-20T20:54:53.377	10772	7640	1
113668	2019-02-26T17:19:08.930	10897	1987	1
113879	2019-02-27T12:02:55.730	10064	10082	1
115150	2019-03-04T17:41:18.510	11001	10442	1
115607	2019-03-06T12:19:18.067	11054	7756	1
115619	2019-03-06T12:20:57.820	11054	7756	3
116829	2019-03-10T23:11:10.293	11142	2980	1
117015	2019-03-11T16:35:30.547	11152	8962	1
117812	2019-03-14T02:31:53.637	11214	5638	1
117873	2019-03-14T08:38:13.693	11223	2366	1
117895	2019-03-14T09:49:05.820	11166	11169	1
118187	2019-03-15T04:49:22.113	11227	11218	1
118222	2019-03-15T10:24:56.813	11166	11226	1
121819	2019-03-26T17:46:54.747	11426	2955	1
122159	2019-03-27T18:34:32.143	11488	2980	1
122163	2019-03-27T18:41:52.683	11488	2980	3
123077	2019-03-30T19:25:49.693	11523	2872	1
123087	2019-03-30T20:23:57.617	11552	5955	1
123268	2019-03-31T12:38:42.873	11523	2277	1
123269	2019-03-31T12:40:33.947	2872	11523	1
123295	2019-03-31T12:56:18.230	2277	11523	1
123296	2019-03-31T12:56:18.230	2277	2872	1
124180	2019-04-03T15:42:04.977	11626	3156	1
124472	2019-04-04T15:41:13.910	6579	10839	1
124504	2019-04-04T17:23:42.413	10644	2347	1
124573	2019-04-04T19:14:14.507	11648	10591	1
124966	2019-04-05T18:23:46.233	11679	11057	1
125862	2019-04-08T13:32:50.140	11718	5452	1
125863	2019-04-08T13:32:50.140	11718	10546	1
125867	2019-04-08T15:33:38.463	11717	7721	1
126104	2019-04-09T11:31:19.857	11702	7328	1
126738	2019-04-11T14:13:56.783	11774	4432	1
127087	2019-04-12T17:25:45.473	11792	10812	1
127462	2019-04-13T21:01:01.257	11092	11116	1
129550	2019-04-20T18:39:43.833	11906	11629	1
129867	2019-04-21T19:04:22.167	11927	2277	1
129879	2019-04-21T19:18:53.453	11807	52	1
130050	2019-04-22T12:07:32.390	11941	7721	1
130143	2019-04-22T18:25:23.243	11945	7769	1
130504	2019-04-23T14:23:23.623	11949	10177	1
132539	2019-04-27T16:19:04.490	11729	1362	1
132765	2019-04-28T16:55:21.243	12042	11717	1
132783	2019-04-28T17:39:11.357	12042	11976	1
133188	2019-04-30T14:51:25.057	12066	11971	1
133203	2019-04-30T15:19:37.863	12065	6997	1
134233	2019-05-03T12:58:35.270	3374	1913	1
134234	2019-05-03T13:00:58.787	8780	1913	1
134721	2019-05-05T06:02:07.293	12139	1742	1
134727	2019-05-05T06:46:03.947	12139	1742	3
134898	2019-05-05T18:08:03.360	12154	6052	1
134899	2019-05-05T18:08:03.360	12154	1314	1
134900	2019-05-05T18:08:03.360	12154	1394	1
134901	2019-05-05T18:08:03.360	12154	2192	1
135510	2019-05-07T21:32:27.167	12183	3209	1
136060	2019-05-09T21:27:16.143	11575	4965	1
136243	2019-05-10T14:45:44.747	11117	5539	1
136481	2019-05-11T14:04:12.027	11976	5955	1
136628	2019-05-12T01:16:51.387	12266	10623	1
136805	2019-05-12T19:02:49.683	12276	11679	1
137093	2019-05-13T18:05:19.047	12171	9829	1
137152	2019-05-13T21:33:02.953	4683	12042	1
137637	2019-05-14T15:59:22.350	12154	1774	1
137868	2019-05-15T15:15:16.280	12321	12318	1
138227	2019-05-16T15:26:41.373	12172	7547	1
139179	2019-05-19T13:28:32.363	12408	11286	1
139196	2019-05-19T13:33:14.497	12404	12142	1
140257	2019-05-22T15:24:37.517	12472	11375	1
140683	2019-05-24T11:02:01.823	5085	4965	1
140684	2019-05-24T11:08:47.010	12497	10289	1
140685	2019-05-24T11:15:57.137	12497	11405	1
140765	2019-05-24T18:52:51.573	9582	9542	3
141179	2019-05-26T07:44:36.570	12537	7756	1
141733	2019-05-28T10:30:16.410	12565	12497	1
142014	2019-05-29T12:57:00.323	12577	12264	1
142163	2019-05-29T23:21:00.513	12565	10289	1
142508	2019-05-31T12:58:10.533	12607	12544	1
142928	2019-06-03T05:44:59.120	12649	6934	1
142965	2019-06-03T15:45:09.250	12659	12142	1
143305	2019-06-04T23:13:45.340	12690	9076	1
143545	2019-06-05T17:01:12.107	10196	10194	1
143669	2019-06-05T22:29:31.837	12711	4610	1
143769	2019-06-06T11:01:52.903	12565	4245	1
143933	2019-06-06T23:23:48.323	5688	220	1
144078	2019-06-07T17:17:06.823	12739	10623	1
144079	2019-06-07T17:28:08.770	12739	6579	1
144133	2019-06-07T20:46:50.027	6579	12274	1
144425	2019-06-09T10:15:23.850	12755	5769	1
144664	2019-06-10T10:23:02.777	12769	6518	1
144665	2019-06-10T10:23:02.777	12769	7437	1
144666	2019-06-10T10:23:02.777	12769	8780	1
144754	2019-06-10T16:12:04.993	11787	12759	1
144977	2019-06-11T06:24:45.797	12790	10414	1
144978	2019-06-11T06:24:45.797	12790	4072	1
144979	2019-06-11T06:24:45.797	12790	4750	1
145478	2019-06-13T09:35:01.510	12827	8962	1
145479	2019-06-13T09:38:12.037	12827	9024	1
145755	2019-06-14T17:03:32.020	12848	4456	1
145756	2019-06-14T17:03:32.020	12848	11433	1
145757	2019-06-14T17:03:32.020	12848	11809	1
145949	2019-06-15T01:07:30.190	12324	12657	1
147055	2019-06-17T19:30:07.840	12899	1432	1
147422	2019-06-18T16:17:33.480	12912	12915	1
148593	2019-06-21T16:26:39.813	9474	8902	1
148856	2019-06-22T13:55:07.180	12990	7205	1
148858	2019-06-22T14:04:23.297	12990	3494	1
148859	2019-06-22T14:08:05.810	6909	4933	1
148881	2019-06-22T15:21:22.690	12985	7763	1
149398	2019-06-24T08:04:49.697	13018	5782	1
149509	2019-06-24T11:46:35.677	5235	12142	1
150368	2019-06-26T22:13:28.983	13069	4796	1
150588	2019-06-27T15:14:23.067	13088	12274	1
150708	2019-06-27T20:20:32.040	7624	12991	1
150918	2019-06-28T13:37:14.143	7431	5410	1
151401	2019-06-29T23:17:22.447	6905	211	1
151559	2019-06-30T15:39:17.697	13135	12274	1
151560	2019-06-30T15:39:17.697	13135	10812	1
151983	2019-07-01T21:33:12.890	6905	211	3
152846	2019-07-05T12:20:46.033	13208	9396	1
153317	2019-07-07T09:27:54.360	13233	7328	1
154158	2019-07-09T13:36:47.377	13281	7640	1
154197	2019-07-09T15:14:10.980	6038	6091	1
154456	2019-07-10T15:16:40.050	13281	7640	3
154604	2019-07-10T22:56:16.147	11640	13289	1
154712	2019-07-11T07:16:59.737	12773	2980	1
154970	2019-07-11T22:15:53.363	12773	2980	3
155244	2019-07-12T23:57:26.047	13079	8203	1
155245	2019-07-12T23:57:26.047	13079	8432	1
156176	2019-07-15T20:50:49.250	13376	8844	1
156527	2019-07-16T20:25:56.483	13379	12689	1
156603	2019-07-16T22:46:26.720	13401	13289	1
157015	2019-07-18T14:17:21.907	13420	12434	1
157115	2019-07-18T17:52:49.970	13425	1507	1
157130	2019-07-18T18:26:03.540	13425	1507	3
157198	2019-07-18T23:25:15.663	13420	13119	1
158725	2019-07-23T16:21:05.930	13511	13476	1
158726	2019-07-23T16:23:32.910	13526	5728	1
158907	2019-07-23T22:02:12.300	13544	13524	1
159218	2019-07-24T22:14:44.443	13556	1432	1
159427	2019-07-25T14:14:33.150	13555	13577	1
159500	2019-07-25T19:46:10.237	13556	1432	3
159909	2019-07-26T23:29:30.697	10636	6426	1
160129	2019-07-27T18:07:40.397	13619	12264	1
161108	2019-07-30T02:50:55.233	13668	12911	1
161674	2019-07-30T22:26:48.847	13683	13317	1
162277	2019-07-31T19:13:40.010	13710	13560	1
162505	2019-08-01T03:27:10.597	13573	13106	1
164232	2019-08-03T12:55:52.980	13194	3981	1
165180	2019-08-05T15:47:47.817	13793	13202	1
165303	2019-08-05T23:48:10.847	13794	12991	1
165347	2019-08-06T03:08:18.480	13806	13793	1
166787	2019-08-11T09:21:52.523	13895	12159	1
166958	2019-08-11T21:45:37.287	13845	13544	1
167201	2019-08-12T21:58:44.407	13921	12274	1
167202	2019-08-12T21:58:44.407	13921	12908	1
167640	2019-08-14T14:22:27.270	13968	2980	1
167719	2019-08-14T19:57:37.627	13975	13692	1
167720	2019-08-14T19:57:37.627	13975	5979	1
167933	2019-08-15T11:44:55.927	13988	13947	1
168357	2019-08-17T04:42:07.733	13651	12042	1
168396	2019-08-17T12:14:15.990	13845	13958	1
168926	2019-08-19T19:38:46.827	14054	14028	1
169161	2019-08-20T23:09:25.050	14074	14032	1
169162	2019-08-20T23:09:25.050	14074	14041	1
169167	2019-08-20T23:24:16.787	9765	13317	1
169368	2019-08-22T05:44:43.243	3089	4864	1
169769	2019-08-24T13:07:22.403	14119	1507	1
169810	2019-08-24T15:12:06.433	14119	1507	3
170210	2019-08-27T03:39:25.507	14153	13994	1
170211	2019-08-27T03:40:13.780	13994	14153	1
170389	2019-08-28T00:03:31.627	12189	12908	1
170508	2019-08-28T19:34:39.343	14175	5246	1
170831	2019-08-30T18:04:12.953	14215	7434	1
171108	2019-09-01T17:39:13.060	14243	1970	1
171378	2019-09-03T13:26:04.580	14267	2236	1
171386	2019-09-03T14:12:49.083	14267	4161	1
171387	2019-09-03T14:12:49.083	14267	13859	1
171656	2019-09-05T15:12:58.367	14284	14296	1
171782	2019-09-06T08:14:36.143	14303	6836	1
171977	2019-09-07T13:17:49.357	14320	13317	1
172375	2019-09-09T20:36:26.883	8681	8902	3
172510	2019-09-10T16:09:26.343	14355	5810	1
172518	2019-09-10T16:11:35.510	14355	2980	1
173951	2019-09-11T18:08:03.917	14363	13161	1
173952	2019-09-11T18:08:03.917	14363	4750	1
174144	2019-09-12T21:39:53.310	14355	2980	3
174205	2019-09-13T11:21:07.903	15416	15387	1
174629	2019-09-15T17:55:52.307	15441	9182	1
175074	2019-09-17T22:37:07.423	15497	7875	1
175888	2019-09-22T14:10:25.853	15578	14280	1
176677	2019-09-26T23:49:34.430	15645	3938	1
176973	2019-09-29T06:56:33.570	6185	2236	1
177665	2019-10-03T19:07:50.860	15708	13088	1
177666	2019-10-03T19:08:06.330	15708	12274	1
178738	2019-10-10T02:47:24.473	15752	36	1
178798	2019-10-10T13:27:32.590	15840	1285	1
178860	2019-10-11T00:34:33.030	15848	15820	1
178962	2019-10-11T11:51:56.297	15820	92	1
179038	2019-10-11T22:23:51.967	15820	8595	1
179054	2019-10-11T22:32:27.683	8595	6800	1
179314	2019-10-13T02:11:33.097	15875	7088	1
179530	2019-10-14T04:41:33.000	15875	7088	3
179716	2019-10-15T11:34:25.603	15916	13324	1
180159	2019-10-17T17:37:56.910	15951	4683	1
180219	2019-10-18T02:20:02.070	15950	15650	1
180551	2019-10-20T02:07:30.960	12351	1847	1
180554	2019-10-20T03:44:59.767	12351	1847	3
180598	2019-10-20T12:34:09.723	15980	11405	1
180684	2019-10-21T00:15:49.743	15986	145	1
180776	2019-10-21T19:04:00.377	15986	15650	1
180790	2019-10-21T21:09:04.890	15980	11405	3
180799	2019-10-21T21:11:41.467	16014	7088	1
180933	2019-10-22T14:52:33.190	15972	15964	1
180945	2019-10-22T16:00:04.367	15972	15971	1
181111	2019-10-23T15:26:13.847	16042	16038	1
181263	2019-10-24T09:14:24.973	15932	16054	1
181341	2019-10-24T16:58:07.403	16062	13233	1
181634	2019-10-26T22:03:13.200	16097	16096	1
181985	2019-10-29T11:43:07.547	10340	5493	1
182007	2019-10-29T14:33:14.560	13644	13289	1
182170	2019-10-30T15:31:33.073	16161	8267	1
182381	2019-10-31T19:32:22.097	16045	5493	3
183086	2019-11-04T03:39:36.907	8527	11667	1
183487	2019-11-06T00:36:53.707	8527	11667	3
183488	2019-11-06T00:44:33.640	12516	11667	3
183490	2019-11-06T01:00:23.603	16257	13418	1
183640	2019-11-06T21:37:11.677	8908	13865	1
184160	2019-11-08T17:31:11.503	16360	13261	1
184177	2019-11-08T18:11:07.630	2820	7548	1
184178	2019-11-08T18:12:17.127	7548	2820	1
184324	2019-11-09T11:49:24.393	16361	16311	1
184813	2019-11-10T15:56:47.313	16311	16175	1
185000	2019-11-11T01:33:59.913	16423	7580	1
185001	2019-11-11T01:33:59.913	16423	10149	1
185002	2019-11-11T01:33:59.913	16423	12759	1
185044	2019-11-11T08:14:40.603	16423	2980	1
185097	2019-11-11T13:53:17.760	16435	16311	1
185119	2019-11-11T15:33:14.763	11759	15701	1
185557	2019-11-13T00:10:15.633	16473	16444	1
185583	2019-11-13T06:20:41.290	16478	96	1
185684	2019-11-13T12:48:06.347	16487	16153	1
186088	2019-11-14T16:49:44.077	2111	16162	1
186180	2019-11-14T20:48:12.783	10636	6426	3
187216	2019-11-18T19:24:32.263	16605	16268	1
187356	2019-11-19T04:28:26.627	5688	220	3
188783	2019-11-24T00:45:43.393	16729	12689	1
188890	2019-11-24T15:28:25.960	16744	16536	1
189025	2019-11-25T02:41:43.283	16738	5949	1
189026	2019-11-25T02:41:43.283	16738	9182	1
190119	2019-11-30T13:08:44.163	16857	10430	1
190286	2019-12-01T01:56:56.383	16868	13612	1
190375	2019-12-01T11:58:52.090	16880	11059	1
190376	2019-12-01T12:06:48.703	16880	11059	3
190714	2019-12-02T21:02:48.693	16868	13612	3
192089	2019-12-09T09:13:35.553	16999	7049	1
192407	2019-12-10T13:22:27.863	16999	9491	1
192617	2019-12-11T16:26:11.463	17044	40	1
192618	2019-12-11T16:26:11.463	17044	9512	1
192909	2019-12-12T11:56:17.007	17063	1481	1
192921	2019-12-12T12:27:15.860	17055	6836	1
193238	2019-12-13T18:53:53.337	17084	17025	1
193373	2019-12-14T13:04:44.660	17090	17078	1
193712	2019-12-15T22:21:44.183	17118	3850	1
194671	2019-12-20T08:48:32.983	17171	17166	1
194681	2019-12-20T12:18:51.197	17172	17170	1
195341	2019-12-23T20:12:29.303	17227	14246	1
195374	2019-12-23T22:58:13.113	7255	17228	1
195847	2019-12-26T18:57:37.723	17229	8780	1
196392	2019-12-29T18:52:02.317	17295	8962	1
196393	2019-12-29T18:52:02.317	17295	11667	1
197543	2020-01-04T23:43:33.657	17357	13317	1
197608	2020-01-05T13:03:07.347	17357	7446	1
197703	2020-01-05T22:37:31.163	17378	3850	1
198784	2020-01-09T18:53:48.810	9785	16801	1
199097	2020-01-11T09:52:43.213	17455	7406	1
199993	2020-01-14T23:48:43.667	17502	11667	1
200012	2020-01-15T01:18:49.353	17472	17264	1
200908	2020-01-18T18:41:49.440	17571	17553	1
201785	2020-01-22T23:00:38.780	17613	17603	1
202093	2020-01-24T12:39:25.710	17647	15508	1
202514	2020-01-26T23:37:51.933	17647	15508	3
202883	2020-01-29T11:45:48.110	17613	10492	1
204089	2020-02-04T19:46:16.593	17839	12971	1
204107	2020-02-04T20:13:27.760	17844	9574	1
204167	2020-02-05T03:14:12.557	17851	8885	1
204327	2020-02-06T01:18:11.873	17840	17714	1
204399	2020-02-06T14:08:35.860	17870	17839	1
204411	2020-02-06T14:20:24.193	17870	13317	1
205145	2020-02-10T06:42:36.917	17941	4456	1
205168	2020-02-10T08:45:13.477	17941	4456	3
205415	2020-02-11T16:05:18.390	17734	11679	1
206479	2020-02-17T06:37:55.823	18066	10049	1
207057	2020-02-19T17:58:56.490	18088	16367	1
207058	2020-02-19T18:01:14.203	18117	14167	1
208077	2020-02-24T21:56:10.923	18217	11679	1
208486	2020-02-27T15:17:37.403	18187	13973	1
208522	2020-02-27T16:14:38.970	18220	17870	1
209060	2020-03-01T10:55:12.227	18344	18332	1
209200	2020-03-02T00:49:07.303	18355	18310	1
209307	2020-03-02T18:02:31.923	18363	3156	1
209495	2020-03-03T17:49:29.010	18391	18397	1
209579	2020-03-04T03:41:40.780	8780	1913	3
209580	2020-03-04T03:53:02.917	4933	3548	3
209582	2020-03-04T04:03:55.797	9032	3548	3
209583	2020-03-04T04:12:13.700	6909	3548	3
209584	2020-03-04T04:29:25.017	8432	7352	3
209585	2020-03-04T04:37:31.853	12899	1432	3
209586	2020-03-04T04:42:25.877	13197	8203	3
209587	2020-03-04T04:54:06.443	3548	3374	3
209679	2020-03-04T16:54:21.137	8641	1432	3
209701	2020-03-04T17:53:30.163	18418	1507	1
209754	2020-03-04T21:38:31.333	3374	1913	3
210011	2020-03-05T23:32:22.187	18418	13865	1
210202	2020-03-06T20:34:37.347	18088	16367	3
210252	2020-03-07T03:07:39.580	18474	18234	1
210550	2020-03-08T10:53:30.670	18234	18474	1
211137	2020-03-10T13:59:33.850	18481	6091	1
211302	2020-03-11T00:42:37.080	8309	42	3
211352	2020-03-11T08:14:03.917	17999	10139	1
211395	2020-03-11T13:19:45.567	18565	17004	1
211446	2020-03-11T16:27:47.507	18573	4456	1
211490	2020-03-11T18:20:08.750	18576	13289	1
211491	2020-03-11T18:20:08.750	18576	13317	1
211762	2020-03-13T01:23:00.593	18571	17870	1
212170	2020-03-14T13:59:19.750	8595	6800	3
212209	2020-03-14T17:28:54.853	8145	5728	3
212343	2020-03-15T00:10:49.790	8219	1415	3
212751	2020-03-16T14:29:14.690	18663	17783	1
212752	2020-03-16T14:29:14.690	18663	5769	1
212922	2020-03-17T00:36:54.023	18663	13692	1
213246	2020-03-18T07:52:23.217	18703	17764	1
213256	2020-03-18T07:57:58.387	17764	18703	1
213451	2020-03-18T22:17:20.760	18706	12434	1
214066	2020-03-21T17:40:27.883	18744	18712	1
214228	2020-03-22T09:52:02.283	18753	7390	1
214401	2020-03-23T08:43:19.880	18760	18576	1
215276	2020-03-26T13:13:51.763	18809	17892	1
217075	2020-03-30T08:59:27.033	19871	7721	1
217312	2020-03-31T00:11:24.250	15942	19846	1
218513	2020-04-03T19:49:28.910	19927	17	1
218531	2020-04-03T20:30:21.383	19979	11612	1
218767	2020-04-04T13:53:21.960	19982	20004	1
218777	2020-04-04T14:32:49.197	19987	13247	1
219260	2020-04-06T15:18:59.327	20044	19936	1
219555	2020-04-07T11:56:22.693	20037	19936	1
219661	2020-04-07T16:34:56.477	20081	20034	1
219934	2020-04-08T14:02:57.970	20094	12142	1
220209	2020-04-09T15:26:14.213	20094	13261	1
220569	2020-04-10T12:48:55.630	20140	20141	3
221120	2020-04-12T03:44:31.903	20186	5322	1
221200	2020-04-12T12:17:43.187	20196	17584	1
221632	2020-04-13T17:49:35.663	20231	58	1
221644	2020-04-13T18:05:12.137	20226	20092	1
221710	2020-04-13T21:57:49.780	20218	18551	1
222063	2020-04-14T19:49:19.217	20263	16536	1
222219	2020-04-15T14:03:51.200	20282	10839	1
222566	2020-04-16T12:42:12.383	20303	10575	1
222636	2020-04-16T17:19:43.513	20309	11057	1
222758	2020-04-17T00:14:22.373	20336	17870	1
222904	2020-04-17T14:49:32.380	20350	18663	1
223367	2020-04-19T09:03:39.527	20387	18703	1
223428	2020-04-19T13:03:35.853	20388	17870	1
223429	2020-04-19T13:03:35.853	20388	20336	1
223492	2020-04-19T20:55:35.960	20384	4740	1
223618	2020-04-20T11:20:34.117	20102	20406	3
223932	2020-04-21T15:23:51.683	20418	20527	1
224070	2020-04-22T07:25:34.577	15376	20527	1
224181	2020-04-22T13:37:16.493	20540	258	1
224639	2020-04-24T06:41:39.440	20587	20419	1
224655	2020-04-24T10:31:57.680	20592	13451	1
224675	2020-04-24T12:09:09.837	20587	20419	3
225058	2020-04-25T18:19:02.103	12712	11169	1
225059	2020-04-25T18:20:11.590	4035	12712	1
225060	2020-04-25T18:43:14.533	11226	11169	1
225190	2020-04-26T09:08:00.130	13071	7788	1
225254	2020-04-26T12:56:55.427	20647	18798	1
225275	2020-04-26T14:08:17.963	20647	18798	3
225539	2020-04-27T12:02:33.607	20656	36	1
225557	2020-04-27T12:26:26.300	20676	17783	1
225558	2020-04-27T12:26:26.300	20676	3287	1
225559	2020-04-27T12:26:26.300	20676	5769	1
225560	2020-04-27T12:26:26.300	20676	18663	1
225562	2020-04-27T12:45:56.113	20663	12991	1
225707	2020-04-27T21:27:26.153	11285	6556	1
225879	2020-04-28T12:38:26.837	20719	20336	1
226619	2020-04-30T14:27:00.757	20800	11679	1
226848	2020-05-01T12:00:00.053	20808	7159	1
227018	2020-05-01T23:35:54.573	20839	10492	1
227019	2020-05-01T23:35:54.573	20839	5835	1
227156	2020-05-02T16:50:27.350	20856	20852	1
227635	2020-05-04T13:06:01.620	20891	14167	1
227676	2020-05-04T14:02:55.173	7247	20871	1
227974	2020-05-05T12:16:10.403	20930	14167	1
228030	2020-05-05T15:59:24.347	20941	18115	1
228704	2020-05-08T02:56:09.880	21000	3463	1
228757	2020-05-08T11:21:39.277	21002	18701	1
229547	2020-05-10T16:06:14.183	21053	11679	1
229555	2020-05-10T16:36:43.230	21051	12274	1
230286	2020-05-13T05:53:45.773	21118	17999	1
230329	2020-05-13T10:18:10.043	21118	11517	1
230330	2020-05-13T10:18:10.043	21118	3209	1
230564	2020-05-13T21:21:54.500	15752	36	3
230793	2020-05-14T13:47:17.480	21155	13119	1
231150	2020-05-15T16:53:20.270	21109	20189	1
231179	2020-05-15T19:58:06.513	21109	21187	1
231835	2020-05-17T17:18:02.340	7838	74	1
232094	2020-05-18T10:03:52.460	21228	18584	1
232144	2020-05-18T12:00:54.020	21250	130	1
232153	2020-05-18T12:05:19.863	21250	2583	1
232154	2020-05-18T12:05:33.390	21187	21073	1
232219	2020-05-18T13:28:34.810	21261	20127	1
232221	2020-05-18T13:44:03.130	21220	17291	1
232236	2020-05-18T14:17:52.040	12421	21187	1
232237	2020-05-18T14:32:48.020	20169	8281	1
232273	2020-05-18T15:37:59.747	21266	2405	1
232777	2020-05-19T19:46:49.420	7865	13612	1
232778	2020-05-19T19:46:49.420	7865	5728	1
232783	2020-05-19T19:52:37.967	5861	13612	1
232788	2020-05-19T20:06:56.587	21283	3321	1
232798	2020-05-19T20:29:55.280	21312	18115	1
233145	2020-05-20T19:03:30.957	7838	7624	1
233421	2020-05-21T17:36:20.900	21382	7416	1
233521	2020-05-21T22:49:11.757	21233	21282	3
233525	2020-05-21T23:04:51.087	21282	20664	1
233678	2020-05-22T13:10:44.963	21388	20272	1
234092	2020-05-23T11:45:40.153	21416	26	1
234093	2020-05-23T11:48:44.450	21416	2872	1
234163	2020-05-23T16:03:22.730	21430	20411	1
234631	2020-05-25T11:19:46.343	21457	10442	1
234982	2020-05-26T20:41:46.303	21480	18645	1
236573	2020-06-01T17:24:09.583	21553	21388	1
236787	2020-06-02T10:34:27.923	21576	18798	1
236799	2020-06-02T11:32:00.443	21575	12042	3
236872	2020-06-02T15:45:58.857	21540	20377	1
236988	2020-06-02T19:36:49.103	21591	4085	1
237069	2020-06-02T23:24:46.283	6504	3243	1
237111	2020-06-03T02:45:10.140	21593	7624	1
237165	2020-06-03T08:57:50.683	21598	13698	1
237290	2020-06-03T18:26:21.067	11667	20377	1
237659	2020-06-04T19:29:17.510	21394	5546	1
238596	2020-06-07T13:00:29.423	21692	21672	1
238695	2020-06-07T20:08:41.057	21712	21515	1
238696	2020-06-07T20:09:50.520	21712	21672	1
239357	2020-06-09T15:15:14.213	21738	21182	1
239683	2020-06-10T13:21:34.503	21777	86	3
239727	2020-06-10T13:55:33.057	21784	9614	1
240356	2020-06-12T13:25:16.283	21810	18663	1
240418	2020-06-12T15:56:14.047	13821	21810	1
240545	2020-06-12T22:52:27.860	21833	21829	3
240546	2020-06-12T22:53:10.073	21833	21829	1
240605	2020-06-13T00:06:53.393	16080	19943	1
240953	2020-06-13T20:47:21.600	18157	21810	1
241171	2020-06-14T14:27:38.180	21877	5410	1
241172	2020-06-14T14:27:38.180	21877	17284	1
241318	2020-06-14T17:05:58.820	5694	4683	3
241319	2020-06-14T17:08:14.760	21877	5410	3
241735	2020-06-15T19:13:31.930	21910	21044	1
241805	2020-06-15T21:01:28.913	15578	14280	3
242050	2020-06-16T10:27:05.267	21937	11809	1
242255	2020-06-16T19:13:59.710	11588	3515	1
242422	2020-06-17T10:04:52.547	21963	21684	1
242449	2020-06-17T11:31:38.280	21957	5546	1
242450	2020-06-17T11:31:38.280	21957	21394	1
242461	2020-06-17T12:35:04.310	21957	11172	1
242530	2020-06-17T15:12:56.500	21970	13572	1
242646	2020-06-17T22:19:36.130	21970	21914	1
243360	2020-06-20T09:31:40.910	21353	21999	1
244185	2020-06-23T09:41:17.573	22097	11612	1
244198	2020-06-23T09:43:12.420	22097	20118	1
245011	2020-06-25T17:03:43.010	22176	10623	1
245158	2020-06-26T10:12:03.393	22184	10623	1
245180	2020-06-26T11:52:51.607	22186	10623	1
245181	2020-06-26T11:53:47.157	22176	22184	1
245182	2020-06-26T11:53:47.157	22176	22186	1
245636	2020-06-27T22:36:44.717	22214	22130	1
245935	2020-06-28T20:55:45.077	22220	7416	1
245936	2020-06-28T20:55:45.077	22220	21382	1
246065	2020-06-29T11:50:14.217	22235	22194	1
246066	2020-06-29T11:57:39.737	22194	22235	1
246210	2020-06-29T19:47:43.617	22194	22235	3
246489	2020-06-30T18:57:13.583	22201	10032	1
247548	2020-07-04T12:21:58.513	22186	22184	1
248578	2020-07-07T15:17:55.447	22380	14167	1
249343	2020-07-10T01:58:09.690	21594	22429	1
249604	2020-07-10T19:58:42.060	22445	20377	1
251030	2020-07-15T18:35:01.327	22504	6982	1
251070	2020-07-15T20:54:53.390	22504	22443	1
251271	2020-07-16T15:46:37.100	22504	6982	3
251348	2020-07-16T21:31:20.037	22505	22072	1
251428	2020-07-17T05:51:10.757	22533	15449	1
251429	2020-07-17T05:51:10.757	22533	10413	1
252376	2020-07-20T12:12:53.437	21353	11405	1
252445	2020-07-20T18:07:45.650	22598	9305	1
252639	2020-07-21T13:01:57.847	22604	13418	1
253040	2020-07-22T20:51:45.357	22603	12189	1
253493	2020-07-24T19:49:30.033	22650	11172	1
253495	2020-07-24T19:51:49.110	22627	11169	1
253496	2020-07-24T19:58:18.273	22657	22650	1
253497	2020-07-24T20:00:58.993	22657	21810	1
253555	2020-07-25T03:32:36.850	22631	17764	1
254058	2020-07-27T12:13:10.673	22698	22633	1
254086	2020-07-27T13:18:07.883	22696	22694	1
254281	2020-07-28T06:49:18.347	22714	22710	1
254352	2020-07-28T13:10:07.943	22696	13289	1
254425	2020-07-28T16:24:29.943	22714	21872	1
254820	2020-07-29T21:45:32.013	16214	12870	1
254882	2020-07-30T04:03:38.467	22760	7838	1
256425	2020-08-01T03:10:21.503	22801	3296	1
256436	2020-08-01T03:21:29.750	22801	1479	1
256491	2020-08-01T11:24:20.883	22807	22787	1
256674	2020-08-02T00:12:53.267	8894	10623	1
256842	2020-08-02T20:53:25.727	22802	22800	1
256949	2020-08-03T02:21:31.027	22839	22800	1
257077	2020-08-03T14:45:52.790	22831	21053	1
257078	2020-08-03T14:46:07.130	22831	11679	1
257350	2020-08-04T17:57:58.627	12266	22858	1
258316	2020-08-08T12:58:35.190	22926	22925	1
258317	2020-08-08T13:01:54.940	22928	22925	1
258318	2020-08-08T13:02:03.183	22927	22925	1
258319	2020-08-08T14:18:28.727	22913	13612	1
258320	2020-08-09T23:39:17.867	22952	3374	1
258321	2020-08-09T23:39:17.867	22952	3548	1
258322	2020-08-09T23:39:17.867	22952	4464	1
258323	2020-08-10T15:00:05.067	22969	22913	1
258324	2020-08-10T17:00:01.437	22801	1479	3
258325	2020-08-10T20:47:39.957	22802	22800	3
258326	2020-08-11T17:13:08.797	22983	22742	1
258327	2020-08-11T17:13:53.547	22983	22968	1
258328	2020-08-12T13:42:11.323	22993	2514	1
258329	2020-08-12T13:42:11.323	22993	1877	1
258330	2020-08-12T23:17:21.687	22974	7683	3
258331	2020-08-13T16:14:41.833	22914	13867	1
258332	2020-08-14T08:45:45.963	23045	16384	1
258333	2020-08-14T11:45:13.147	22931	22010	3
258337	2020-08-14T14:01:11.687	7146	18798	3
258338	2020-08-14T14:01:11.687	7146	22010	3
258339	2020-08-14T14:01:11.687	7146	6997	3
258340	2020-08-18T14:49:57.867	23037	13289	1
258341	2020-08-18T23:48:50.490	1648	1507	3
258343	2020-08-20T11:07:43.970	23148	3058	1
258344	2020-08-21T17:25:38.980	23174	13775	1
258345	2020-08-21T17:31:35.960	23174	13775	3
258349	2020-08-23T11:01:45.317	23199	4683	3
258350	2020-08-23T11:01:45.317	23199	96	3
258351	2020-08-23T11:01:45.317	23199	86	3
258352	2020-08-23T11:03:13.587	96	86	3
258353	2020-08-23T13:26:25.097	23193	23016	1
258355	2020-08-24T20:44:43.903	23226	13289	1
258356	2020-08-26T22:37:46.320	23270	4456	1
258358	2020-09-01T10:00:30.477	23290	21859	1
258359	2020-09-01T11:04:38.000	23377	23330	1
258360	2020-09-02T23:11:34.390	23371	23038	1
264223	2020-09-04T05:15:15.380	23420	6185	1
264292	2020-09-04T14:45:58.667	23418	7416	1
264352	2020-09-04T21:25:34.670	11375	13119	1
264353	2020-09-04T21:25:34.670	11375	21155	1
264616	2020-09-05T16:59:03.960	23435	18798	1
264617	2020-09-05T16:59:03.960	23435	22010	1
264618	2020-09-05T16:59:03.960	23435	6997	1
264688	2020-09-05T21:09:05.207	23433	7352	1
265179	2020-09-08T08:36:45.027	23474	23459	1
266039	2020-09-12T06:23:38.427	23531	12666	1
266162	2020-09-12T16:09:56.063	23542	23522	3
266505	2020-09-14T05:01:50.753	22951	23435	1
266506	2020-09-14T05:01:50.753	22951	18798	1
266507	2020-09-14T05:01:50.753	22951	22010	1
266508	2020-09-14T05:01:50.753	22951	6997	1
266518	2020-09-14T06:29:05.967	23573	23561	1
266580	2020-09-14T12:29:23.380	23567	14047	1
266584	2020-09-14T12:48:10.570	23567	13194	1
266784	2020-09-15T11:59:54.363	23605	20521	1
267252	2020-09-17T13:25:53.533	18437	10989	1
267253	2020-09-17T13:25:53.533	18437	15386	1
267321	2020-09-17T16:40:00.243	23635	3515	1
267528	2020-09-18T13:12:10.913	23611	22957	1
267529	2020-09-18T13:26:30.030	17350	10620	1
267530	2020-09-18T13:27:27.963	10620	2528	1
267531	2020-09-18T13:27:57.137	10620	17350	1
268206	2020-09-22T11:24:18.027	23669	20040	1
268331	2020-09-22T20:16:35.793	2214	2118	1
268375	2020-09-23T05:06:44.877	23707	20540	1
268407	2020-09-23T11:47:56.033	23699	11172	1
268519	2020-09-24T00:04:26.393	2214	12142	1
268520	2020-09-24T00:13:23.437	2214	20094	1
268609	2020-09-24T13:56:37.997	23728	12558	1
268794	2020-09-25T10:56:58.997	23745	4456	1
268942	2020-09-25T20:57:21.327	23762	22100	1
269252	2020-09-27T10:43:14.310	23768	17080	3
269273	2020-09-27T11:12:54.590	23745	10442	1
269389	2020-09-27T22:41:11.427	13968	2980	3
269740	2020-09-29T16:10:41.577	23820	2245	1
269741	2020-09-29T16:10:41.577	23820	23732	1
269763	2020-09-29T17:35:39.490	23817	21999	1
269764	2020-09-29T17:35:39.490	23817	11172	1
269765	2020-09-29T17:35:39.490	23817	21394	1
270049	2020-10-01T15:56:58.730	14117	13644	1
270726	2020-10-05T11:30:10.720	23905	4	1
270727	2020-10-05T11:30:10.720	23905	23112	1
270728	2020-10-05T11:30:10.720	23905	3156	1
270729	2020-10-05T11:30:10.720	23905	5399	1
270730	2020-10-05T11:30:10.720	23905	9669	1
270731	2020-10-05T11:30:10.720	23905	14351	1
270774	2020-10-05T21:00:47.750	23907	5939	1
270801	2020-10-05T21:22:20.583	23905	18220	1
270802	2020-10-05T21:23:46.737	23905	4	3
270803	2020-10-05T21:23:46.737	23905	23112	3
270804	2020-10-05T21:23:46.737	23905	18220	3
270805	2020-10-05T21:26:40.397	23907	5939	3
270806	2020-10-05T21:28:10.280	13916	5939	3
271089	2020-10-07T17:01:00.553	12264	22851	1
271100	2020-10-07T17:21:38.743	22851	12264	1
271154	2020-10-07T19:41:51.833	23930	23910	3
271174	2020-10-07T22:08:47.063	23941	12274	1
271268	2020-10-08T14:14:32.370	22900	20731	1
271355	2020-10-09T16:50:28.897	23991	7416	1
271356	2020-10-09T16:50:53.830	23991	4675	1
271357	2020-10-09T16:51:14.137	23991	21382	1
271363	2020-10-09T16:51:55.610	23991	22220	1
271401	2020-10-10T06:56:42.177	23998	5728	1
271408	2020-10-10T08:35:33.397	23996	10620	1
271431	2020-10-10T15:43:50.183	24005	21784	1
271432	2020-10-10T15:43:50.183	24005	9614	1
271461	2020-10-10T17:07:27.553	24007	17287	1
271623	2020-10-12T12:56:32.920	22316	21109	1
271624	2020-10-12T12:56:59.773	22316	20189	1
271625	2020-10-12T12:57:48.297	22316	20871	1
271666	2020-10-12T22:40:17.353	24045	21999	1
271831	2020-10-14T15:08:25.197	24067	11679	1
271847	2020-10-14T20:02:40.240	7390	24077	1
272468	2020-10-23T10:32:13.097	24221	20166	1
272630	2020-10-26T02:39:02.890	24251	24106	1
272706	2020-10-27T03:23:31.137	24259	4084	1
272852	2020-10-29T09:17:03.273	24287	17190	1
273006	2020-10-30T11:12:33.080	3920	23226	1
273064	2020-10-30T19:02:39.627	24305	8560	3
273193	2020-11-01T00:28:06.003	24353	15444	1
273298	2020-11-01T14:12:46.843	17136	15918	3
273299	2020-11-01T14:13:02.857	17136	15918	1
273303	2020-11-01T14:21:38.390	15918	3758	1
273311	2020-11-01T14:54:52.403	15918	10329	1
273361	2020-11-01T19:14:19.537	22130	15918	1
273362	2020-11-01T19:14:41.137	15918	22130	1
273388	2020-11-01T23:09:39.607	24375	24353	1
273413	2020-11-01T23:37:01.523	24375	22285	1
278294	2020-11-03T12:02:58.430	24391	10839	1
278295	2020-11-03T12:10:40.437	24388	10139	1
278331	2020-11-03T13:57:53.987	24391	20377	1
278883	2020-11-04T21:35:19.077	22443	6982	3
278903	2020-11-05T00:27:09.960	24413	28	1
278951	2020-11-05T07:56:13.447	24418	5716	1
279304	2020-11-06T11:38:06.467	24441	24342	1
279388	2020-11-06T14:32:21.280	24448	11172	1
279489	2020-11-06T17:59:15.897	24450	3758	3
279518	2020-11-06T19:24:45.907	24455	12689	1
279519	2020-11-06T19:25:18.053	24455	6191	1
279723	2020-11-07T11:29:16.967	23892	18783	1
279791	2020-11-07T14:31:20.733	24465	10584	1
279856	2020-11-07T17:23:39.493	8243	8241	1
279934	2020-11-07T21:29:20.453	24483	5949	1
279954	2020-11-07T23:00:45.567	24488	10474	1
279959	2020-11-07T23:27:24.943	24488	11679	1
280054	2020-11-08T11:34:04.950	24488	23676	1
280237	2020-11-08T22:49:04.780	24489	24483	1
280241	2020-11-08T23:21:44.630	24478	24483	1
280242	2020-11-08T23:21:44.630	24478	24489	1
280314	2020-11-09T09:55:53.243	11672	6658	3
280317	2020-11-09T10:04:00.260	17445	6658	3
280318	2020-11-09T10:04:00.260	17445	11672	3
280366	2020-11-09T12:17:18.180	10620	10442	1
280426	2020-11-09T19:27:11.320	24478	8821	1
280459	2020-11-10T10:16:01.320	3981	13289	1
280476	2020-11-10T10:46:22.103	23567	3981	1
280477	2020-11-10T10:56:01.923	24524	23038	1
280479	2020-11-10T11:11:51.543	23567	13289	1
280480	2020-11-10T11:23:54.997	3981	23567	1
280481	2020-11-10T11:32:27.353	23567	12619	1
280482	2020-11-10T11:36:39.193	23567	23467	1
280483	2020-11-10T11:45:40.920	14047	23567	1
280485	2020-11-10T11:53:07.663	14047	13289	1
280486	2020-11-10T11:54:11.283	14047	23467	1
280590	2020-11-11T11:41:00.893	24494	24516	1
280612	2020-11-11T16:52:55.727	24494	24489	1
280748	2020-11-13T20:36:08.523	24571	18220	1
280779	2020-11-14T01:32:20.643	24571	18220	3
280817	2020-11-14T08:42:22.090	24572	15594	1
280818	2020-11-14T08:42:22.090	24572	3389	1
280839	2020-11-14T12:59:49.627	24585	18648	1
280891	2020-11-14T15:17:12.667	24588	12558	3
280903	2020-11-14T18:02:51.437	21280	2980	1
280919	2020-11-14T19:01:41.153	21280	3403	1
280980	2020-11-15T12:21:20.217	24603	24542	1
281004	2020-11-15T13:47:46.427	24605	24157	1
281005	2020-11-15T13:47:46.427	24605	18425	1
281006	2020-11-15T15:01:53.663	1479	12870	1
281019	2020-11-15T17:23:44.323	24610	24593	1
281220	2020-11-16T16:35:16.820	9296	20540	1
281221	2020-11-16T17:21:35.017	9296	258	1
281222	2020-11-16T18:03:32.070	12558	4706	1
281223	2020-11-16T18:04:37.377	4706	12558	1
281291	2020-11-17T11:09:21.897	24659	24094	1
281297	2020-11-17T11:29:21.977	24649	18319	1
281298	2020-11-17T12:03:51.207	12508	9182	1
281309	2020-11-17T12:56:31.920	24668	2514	1
281359	2020-11-17T16:46:08.947	10189	12870	1
281375	2020-11-17T19:07:39.600	7755	9491	1
281386	2020-11-17T21:55:12.423	7755	2980	1
281387	2020-11-17T21:55:12.423	7755	15612	1
281388	2020-11-17T21:55:49.053	15612	7755	1
281463	2020-11-18T14:15:30.457	24686	12274	1
281521	2020-11-18T22:36:28.587	24704	6426	1
281538	2020-11-19T01:31:57.367	4043	1348	1
281611	2020-11-19T12:54:04.540	12508	24668	1
281640	2020-11-19T14:57:56.447	8031	2342	1
281668	2020-11-19T15:28:03.520	16438	205	1
281730	2020-11-20T02:11:06.920	24724	24465	1
281739	2020-11-20T02:23:00.933	24736	10623	1
281741	2020-11-20T02:33:37.193	24537	24736	1
281742	2020-11-20T02:34:02.423	24537	10623	1
281743	2020-11-20T02:44:03.793	17231	10623	1
281751	2020-11-20T03:38:04.117	22858	10623	1
281752	2020-11-20T03:38:04.117	22858	17231	1
281824	2020-11-20T16:32:01.917	24736	22858	1
281913	2020-11-21T13:15:24.327	10615	14167	1
281980	2020-11-21T21:20:28.467	24732	12255	1
281984	2020-11-21T21:35:50.520	24732	11679	1
281987	2020-11-21T21:50:18.943	24732	6196	1
281988	2020-11-21T21:52:50.027	24732	12274	1
282024	2020-11-22T01:02:25.293	10194	10196	3
282031	2020-11-22T09:28:45.667	24784	11539	1
282055	2020-11-22T12:17:24.440	5185	10623	1
282060	2020-11-22T12:35:13.067	5185	2211	1
282132	2020-11-22T21:30:43.850	24271	20567	1
282133	2020-11-22T21:41:42.643	24769	20567	1
282182	2020-11-23T11:01:44.543	24768	24804	1
282208	2020-11-23T12:24:31.967	20127	13289	1
282209	2020-11-23T12:24:31.967	20127	16536	1
282210	2020-11-23T12:24:31.967	20127	20903	1
282211	2020-11-23T12:40:42.223	21542	20127	1
282261	2020-11-23T13:48:58.537	24816	24799	1
282279	2020-11-23T13:57:02.967	10575	24816	1
282428	2020-11-24T15:30:04.947	24702	17870	1
282613	2020-11-26T18:51:37.560	24868	17870	1
282614	2020-11-26T19:06:31.623	24857	6486	1
282615	2020-11-26T20:41:18.863	24868	17670	1
282641	2020-11-28T02:20:45.130	24872	17721	1
282642	2020-11-28T02:20:45.130	24872	17670	1
282739	2020-11-28T20:10:29.840	24884	11667	1
282790	2020-11-29T16:50:50.923	24906	24888	3
282832	2020-11-29T23:29:23.870	11667	8560	1
283225	2020-12-03T13:27:20.550	24967	7416	1
283298	2020-12-04T12:35:18.750	24972	17231	1
283547	2020-12-06T21:52:03.053	9105	22851	1
283602	2020-12-07T14:26:44.777	20094	7364	1
283767	2020-12-08T16:10:32.197	23732	2245	3
283874	2020-12-10T01:17:59.827	25086	20158	1
283877	2020-12-10T01:34:51.680	25089	4706	1
283878	2020-12-10T01:34:51.680	25089	12558	1
283966	2020-12-10T16:28:21.327	25101	24221	1
284007	2020-12-11T00:13:25.677	25085	7721	1
284071	2020-12-11T15:04:33.940	12510	21394	1
284072	2020-12-11T15:04:33.940	12510	21957	1
284073	2020-12-11T15:06:22.423	12510	21999	1
284161	2020-12-12T12:30:12.933	21394	21999	1
284232	2020-12-12T22:39:41.727	25148	25109	1
284258	2020-12-13T07:43:21.643	25155	24153	1
284344	2020-12-13T13:20:21.960	24153	18132	1
284352	2020-12-13T13:40:02.630	25155	18132	1
284374	2020-12-13T17:01:51.387	25166	23941	1
284487	2020-12-14T22:46:55.263	25178	12189	1
284488	2020-12-14T22:49:18.403	25178	12908	1
284489	2020-12-14T23:12:17.053	25178	7339	1
284568	2020-12-15T17:39:16.130	25205	20567	1
284595	2020-12-15T22:19:33.693	11078	4456	1
284635	2020-12-16T15:03:25.933	22591	11643	3
284704	2020-12-16T20:54:20.490	25127	23276	1
284733	2020-12-16T23:04:52.357	25228	16291	1
284851	2020-12-17T16:32:25.143	25250	13317	1
284852	2020-12-17T16:41:07.840	25250	13317	3
284927	2020-12-18T16:22:51.167	25268	2219	1
285018	2020-12-19T13:34:19.117	25277	21669	1
285027	2020-12-19T13:44:48.893	25276	11679	3
285028	2020-12-19T13:44:48.893	25276	17734	3
285114	2020-12-20T12:26:01.923	6206	13289	1
285228	2020-12-20T23:29:06.800	25319	11793	1
285545	2020-12-24T12:01:47.553	25368	11057	1
285553	2020-12-24T12:11:35.200	25367	24891	1
285763	2020-12-27T14:51:44.693	10189	12870	3
285870	2020-12-28T13:49:14.917	4660	25277	1
285871	2020-12-28T13:49:14.917	4660	21669	1
285894	2020-12-28T15:43:34.753	25423	17783	1
285898	2020-12-28T15:53:14.967	17783	18663	1
285899	2020-12-28T15:54:22.963	25423	17783	3
285928	2020-12-28T16:59:14.497	25428	5728	1
285940	2020-12-28T17:41:55.957	25428	13612	1
285955	2020-12-29T01:32:39.440	25435	13343	1
286113	2020-12-30T10:29:32.850	25457	13317	1
286114	2020-12-30T10:29:32.850	25457	4456	1
286115	2020-12-30T10:29:32.850	25457	10289	1
286116	2020-12-30T10:29:32.850	25457	16746	1
286117	2020-12-30T10:29:32.850	25457	7683	1
286144	2020-12-30T16:13:11.343	25464	25109	1
286154	2020-12-30T16:18:39.230	25109	25464	1
286192	2020-12-30T20:04:33.850	25467	11285	1
286369	2021-01-01T22:59:48.977	25512	15431	1
286522	2021-01-03T09:59:18.043	25537	25485	1
286654	2021-01-03T20:33:05.513	12671	25457	1
286680	2021-01-03T23:11:58.620	22900	16610	1
286714	2021-01-04T09:28:19.553	25553	21356	1
286852	2021-01-05T11:08:30.413	16214	12870	3
286873	2021-01-05T15:15:09.180	25587	25498	1
287052	2021-01-07T17:23:36.203	25615	18232	1
287077	2021-01-07T23:47:23.310	240	1296	1
287132	2021-01-08T10:00:01.097	25573	22913	1
287435	2021-01-10T12:33:11.753	25675	11716	1
287479	2021-01-10T21:20:24.123	25678	22776	1
287561	2021-01-11T01:57:13.550	25671	16826	1
287800	2021-01-12T19:41:44.453	4257	111	3
287805	2021-01-12T20:08:21.987	25725	12991	1
287806	2021-01-12T20:08:21.987	25725	6	1
287807	2021-01-12T20:47:47.510	4148	111	3
287844	2021-01-13T10:41:11.387	25739	6196	1
287912	2021-01-14T00:26:23.597	25752	18516	1
288108	2021-01-15T19:37:27.423	25782	145	1
288109	2021-01-15T19:46:15.220	25782	35	1
288110	2021-01-15T19:46:37.897	25782	7838	1
288114	2021-01-15T23:31:01.510	35	12558	1
288115	2021-01-15T23:31:01.510	35	7838	1
288188	2021-01-16T16:51:53.360	25782	35	3
288189	2021-01-16T16:51:53.360	25782	7838	3
288190	2021-01-16T16:51:53.360	25782	12558	3
288212	2021-01-16T19:34:15.397	23507	20355	1
288222	2021-01-16T20:13:05.203	16812	14167	1
288230	2021-01-16T20:35:38.343	9490	4889	3
288273	2021-01-17T12:14:24.247	18745	4889	1
288274	2021-01-17T12:17:37.757	21845	17670	1
288305	2021-01-17T15:19:19.200	25807	18738	1
288485	2021-01-18T12:11:25.333	2632	18085	1
288486	2021-01-18T12:11:25.333	2632	17492	1
288487	2021-01-18T12:11:25.333	2632	16357	1
288488	2021-01-18T12:17:05.067	25820	14167	1
288501	2021-01-18T12:30:33.497	9592	12659	1
288503	2021-01-18T12:49:35.573	7431	20180	1
288504	2021-01-18T13:14:25.533	7431	145	1
288661	2021-01-19T06:45:59.860	25835	25439	1
288707	2021-01-19T15:25:13.520	25832	21394	1
288708	2021-01-19T15:25:13.520	25832	12510	1
288709	2021-01-19T15:25:13.520	25832	21999	1
288710	2021-01-19T15:25:13.520	25832	21957	1
288711	2021-01-19T15:28:57.933	25832	18785	1
288717	2021-01-19T16:17:27.547	18785	24921	1
288724	2021-01-19T16:29:41.140	18785	21999	1
288743	2021-01-19T17:36:31.393	25854	25414	1
288859	2021-01-20T00:29:11.577	16660	5955	3
288864	2021-01-20T01:16:06.830	10027	5955	3
288865	2021-01-20T01:18:03.837	5955	258	1
288936	2021-01-20T12:58:29.760	22851	24375	1
288937	2021-01-20T14:50:17.113	25872	10442	1
288938	2021-01-20T14:50:17.113	25872	9105	1
288949	2021-01-20T15:03:16.850	25872	22851	1
288950	2021-01-20T15:03:16.850	25872	12264	1
288951	2021-01-20T15:03:16.850	25872	21584	1
289061	2021-01-20T23:32:49.263	4868	4	3
289062	2021-01-20T23:32:49.263	4868	7088	3
289063	2021-01-20T23:32:49.263	4868	182	3
289193	2021-01-21T13:35:04.760	25902	13371	1
289211	2021-01-21T14:28:52.297	25457	4320	1
289219	2021-01-21T15:31:45.243	12274	16826	1
289227	2021-01-21T18:36:29.813	10471	25457	1
289253	2021-01-21T22:15:49.157	4509	3291	3
289254	2021-01-21T22:41:13.047	7416	154	1
289263	2021-01-21T23:38:42.803	23331	18576	1
289326	2021-01-22T03:45:10.967	20908	10371	3
289377	2021-01-22T12:45:53.817	25913	11679	1
289378	2021-01-22T12:45:53.817	25913	12255	1
289379	2021-01-22T12:45:53.817	25913	25457	1
289396	2021-01-22T13:15:45.457	25913	6579	1
289397	2021-01-22T13:15:45.457	25913	10839	1
289398	2021-01-22T13:32:55.363	13317	1742	1
289399	2021-01-22T13:32:55.363	13317	6468	1
289406	2021-01-22T14:23:08.773	13317	17870	1
289407	2021-01-22T14:23:08.773	13317	18220	1
289408	2021-01-22T14:23:08.773	13317	25527	1
289409	2021-01-22T14:23:34.447	13317	20355	1
289410	2021-01-22T14:24:05.913	13317	17839	1
289411	2021-01-22T14:26:17.740	17839	20355	1
289418	2021-01-22T14:37:59.773	18576	247	1
289509	2021-01-22T21:50:28.390	25913	4456	1
289510	2021-01-22T22:09:53.230	25921	10442	1
289553	2021-01-23T01:43:42.927	9735	205	3
289567	2021-01-23T02:01:36.417	9209	7838	3
289568	2021-01-23T02:04:19.810	9189	111	3
289637	2021-01-23T13:22:28.920	25937	21999	1
289641	2021-01-23T13:57:32.520	25939	24966	1
289675	2021-01-23T18:18:01.193	20706	21810	1
289700	2021-01-24T00:18:04.517	8203	5990	3
289701	2021-01-24T00:18:04.517	8203	23507	3
289703	2021-01-24T00:59:30.317	25637	20903	3
289704	2021-01-24T00:59:30.317	25637	21992	3
289721	2021-01-24T03:38:09.203	23292	12189	1
289819	2021-01-24T21:12:37.150	23507	5990	1
289829	2021-01-24T22:29:05.877	5252	146	1
289830	2021-01-24T22:35:19.013	20325	103	1
289848	2021-01-25T00:58:16.527	10371	1906	1
289926	2021-01-25T12:23:35.827	25969	3291	3
289927	2021-01-25T12:23:35.827	25969	4509	3
289928	2021-01-25T12:23:35.827	25969	23507	3
289929	2021-01-25T12:23:35.827	25969	3374	3
289930	2021-01-25T12:23:35.827	25969	1913	3
290125	2021-01-26T17:49:53.337	7042	1953	1
290151	2021-01-26T18:08:25.333	8768	4375	1
290174	2021-01-26T19:03:15.010	9924	35	1
290185	2021-01-26T19:36:07.500	26007	12874	1
290186	2021-01-26T19:36:07.500	26007	3573	1
290202	2021-01-26T23:38:26.467	25921	25993	1
290209	2021-01-27T00:00:57.140	9924	16448	1
290210	2021-01-27T00:04:34.610	24390	7352	1
290250	2021-01-27T16:06:42.283	26018	10442	1
290252	2021-01-27T16:29:43.287	26007	16815	1
290253	2021-01-27T16:53:54.590	26018	25993	1
290270	2021-01-27T19:07:55.793	25822	17892	1
290298	2021-01-28T00:25:54.897	26019	17609	1
290299	2021-01-28T00:27:17.483	26019	19894	1
290337	2021-01-28T00:59:54.450	3777	14224	1
290338	2021-01-28T00:59:54.450	3777	12870	1
290404	2021-01-28T11:35:26.447	26033	14224	1
290405	2021-01-28T11:35:26.447	26033	25178	1
290406	2021-01-28T11:35:26.447	26033	7339	1
290407	2021-01-28T11:35:26.447	26033	3502	1
290441	2021-01-28T16:41:28.193	18658	11979	1
290450	2021-01-28T16:52:46.957	1742	22721	1
290456	2021-01-28T17:38:05.047	26043	24221	1
290485	2021-01-28T18:55:12.120	26045	9105	1
290580	2021-01-29T11:29:54.423	26065	18187	1
290595	2021-01-29T19:01:47.710	26065	10839	1
290743	2021-01-30T17:16:33.393	26084	20034	1
290815	2021-01-31T00:11:50.760	26065	11679	1
290886	2021-01-31T13:13:16.123	12971	20355	1
290892	2021-01-31T13:40:45.927	12971	21427	1
290947	2021-01-31T18:10:34.953	17284	21427	1
290948	2021-01-31T18:10:34.953	17284	7431	1
290949	2021-01-31T18:16:52.293	17284	20180	1
290983	2021-01-31T18:53:29.617	4048	25268	1
290994	2021-01-31T21:35:14.760	13886	20903	1
291134	2021-02-01T17:44:24.023	26132	11679	1
291291	2021-02-02T22:28:38.020	26151	16610	1
291292	2021-02-02T22:28:38.020	26151	22900	1
291356	2021-02-03T11:20:26.433	26164	22643	1
291357	2021-02-03T11:24:30.467	26164	17298	3
291358	2021-02-03T11:25:06.030	22643	17298	3
291427	2021-02-03T18:26:17.777	26179	12189	1
291450	2021-02-04T08:32:51.567	26187	24221	1
291484	2021-02-04T12:49:13.833	26148	21045	3
291534	2021-02-04T16:52:08.207	26199	10839	1
291542	2021-02-04T18:06:33.453	26198	8791	3
291551	2021-02-04T18:52:01.470	26175	24872	1
291552	2021-02-04T18:52:01.470	26175	4889	1
303447	2021-02-04T21:58:17.070	26192	10847	1
312892	2021-02-05T08:48:58.020	26202	10719	1
312904	2021-02-05T10:43:42.047	13566	22118	1
312975	2021-02-05T15:21:51.647	13208	9396	3
313342	2021-02-07T12:04:38.767	26260	13867	1
313406	2021-02-08T00:36:42.437	26273	17950	1
313478	2021-02-08T14:06:05.777	26281	12065	1
313523	2021-02-08T23:10:46.930	26282	9077	1
313607	2021-02-09T11:51:05.000	26289	1756	1
313608	2021-02-09T11:51:05.000	26289	12991	1
313609	2021-02-09T11:51:05.000	26289	25457	1
313617	2021-02-09T13:01:33.803	26289	4456	1
313638	2021-02-09T17:31:27.040	26257	5174	1
313741	2021-02-10T17:22:34.417	26310	16375	3
313820	2021-02-11T01:30:32.697	26316	11478	1
313972	2021-02-11T17:03:31.287	26327	16667	1
313973	2021-02-11T17:58:38.763	11375	26289	1
314104	2021-02-12T16:27:17.617	26349	25064	1
314128	2021-02-12T17:09:37.183	6267	17084	1
314691	2021-02-18T02:28:15.570	26436	13233	1
314811	2021-02-18T19:43:42.533	26448	15820	1
314820	2021-02-18T19:45:28.790	26448	6800	1
314821	2021-02-18T19:48:33.843	26448	92	1
314822	2021-02-18T19:49:18.900	26448	6892	1
315039	2021-02-20T11:26:22.430	26479	9182	1
315118	2021-02-21T17:16:58.273	26495	12870	1
315209	2021-02-22T12:40:59.377	26507	13968	1
315302	2021-02-23T14:21:54.177	26525	18829	1
315310	2021-02-23T14:36:52.163	26506	26154	1
315420	2021-02-25T00:54:10.403	26548	12274	1
315421	2021-02-25T00:54:10.403	26548	13088	1
315422	2021-02-25T00:54:10.403	26548	10591	1
315599	2021-02-26T10:45:00.757	26562	9182	1
315640	2021-02-26T16:47:09.423	26546	13233	1
315665	2021-02-26T17:52:33.073	26587	21584	1
315666	2021-02-26T17:57:20.687	26587	25872	1
315986	2021-03-02T22:19:23.500	26637	25835	1
316079	2021-03-03T15:57:10.277	26646	12558	1
316172	2021-03-04T12:47:43.733	26665	11888	1
316771	2021-03-09T10:12:30.230	26729	24914	1
316797	2021-03-09T12:26:43.183	26729	17721	1
316867	2021-03-10T00:41:55.180	26729	4889	1
316868	2021-03-10T00:41:55.180	26729	18745	1
316869	2021-03-10T00:41:55.180	26729	26175	1
316879	2021-03-10T06:50:29.867	26729	5769	1
317011	2021-03-11T10:01:25.157	12558	26646	1
317471	2021-03-14T18:15:15.690	26819	22812	1
317497	2021-03-15T00:01:44.993	26822	21532	1
317498	2021-03-15T00:01:44.993	26822	9563	1
317499	2021-03-15T00:01:44.993	26822	13580	1
318158	2021-03-19T11:37:46.763	26744	25771	1
318159	2021-03-19T11:40:39.527	22888	24686	1
318284	2021-03-20T08:11:28.697	26928	2922	1
318686	2021-03-23T09:37:33.170	26956	7624	1
318706	2021-03-23T10:53:07.293	26957	26950	1
318846	2021-03-24T13:01:17.887	26977	26971	1
320582	2021-03-29T16:23:26.607	27007	27031	3
320709	2021-03-30T14:15:50.020	27081	7628	1
320755	2021-03-30T17:48:50.393	27086	23847	1
320894	2021-03-31T12:12:26.310	27094	27100	1
321257	2021-04-03T21:47:06.233	23847	23625	1
321489	2021-04-05T16:12:17.127	26425	27161	1
333373	2021-04-09T14:23:00.197	27202	11057	1
333489	2021-04-11T01:48:32.873	27259	27246	1
333583	2021-04-11T20:19:00.057	27269	25553	1
333884	2021-04-14T02:20:52.203	27314	27282	1
334074	2021-04-15T14:06:55.337	27341	25205	1
334161	2021-04-16T09:50:50.717	27363	10623	1
334214	2021-04-16T16:41:17.007	27371	13317	1
334407	2021-04-18T23:24:17.610	25459	27260	1
334464	2021-04-19T09:04:35.643	25459	27309	1
334808	2021-04-22T16:58:17.007	27457	27336	1
334809	2021-04-22T16:58:17.007	27457	26412	1
334923	2021-04-24T15:15:06.500	27493	9077	1
334941	2021-04-25T01:20:42.257	27452	7088	1
335215	2021-04-27T18:03:32.443	27309	27260	1
335381	2021-04-29T06:52:40.033	27564	5769	1
335458	2021-04-30T10:50:27.777	27576	22010	1
335468	2021-04-30T11:09:14.077	27558	25844	1
335514	2021-05-01T05:19:52.750	27585	10591	1
335588	2021-05-02T01:11:30.160	27576	22010	3
335863	2021-05-05T00:36:12.997	9704	7838	1
335864	2021-05-05T00:36:12.997	9704	15590	1
336002	2021-05-06T11:00:43.633	27641	24921	1
336003	2021-05-06T11:00:43.633	27641	21999	1
336121	2021-05-06T23:07:14.427	22536	27687	1
336122	2021-05-06T23:08:30.037	16173	27687	1
336124	2021-05-06T23:09:32.177	12761	27687	1
336125	2021-05-06T23:09:51.013	13644	27687	1
336127	2021-05-06T23:10:51.173	6422	27687	1
336135	2021-05-06T23:11:49.437	24136	27687	1
336175	2021-05-07T11:49:59.477	27688	16375	3
336534	2021-05-10T23:06:26.250	27716	27428	1
336540	2021-05-11T00:09:59.803	27136	10623	1
336687	2021-05-11T18:25:48.990	27754	17870	1
336892	2021-05-14T00:19:07.253	27789	27172	1
336991	2021-05-15T11:27:34.077	27706	18785	1
336995	2021-05-15T12:32:28.280	6026	6426	1
337019	2021-05-15T15:34:49.980	27808	26993	1
337535	2021-05-21T11:56:10.707	27891	20680	1
337989	2021-05-26T00:05:56.830	27957	20911	1
338201	2021-05-28T10:15:43.263	27996	10623	1
338306	2021-05-29T13:01:25.063	28011	25467	1
338307	2021-05-29T13:01:25.063	28011	11285	1
338308	2021-05-29T13:01:25.063	28011	5408	1
338696	2021-06-02T20:55:03.570	28067	28028	1
338703	2021-06-02T20:58:42.503	28028	28067	1
338760	2021-06-03T14:35:54.807	28079	12627	1
338783	2021-06-03T17:29:15.027	28080	27696	1
338953	2021-06-04T11:48:32.060	27942	18745	1
338954	2021-06-04T11:48:32.060	27942	4889	1
338955	2021-06-04T11:48:32.060	27942	26729	1
338956	2021-06-04T11:48:32.060	27942	26175	1
338986	2021-06-04T14:15:28.700	28089	11285	1
339001	2021-06-04T14:57:08.897	28059	14280	1
345876	2021-06-05T16:26:26.470	27999	24413	1
345904	2021-06-05T22:21:26.140	27999	6267	1
345905	2021-06-05T22:21:26.140	27999	7431	1
346071	2021-06-07T18:48:11.063	28133	12264	3
346072	2021-06-07T18:48:11.063	28133	22851	3
346112	2021-06-07T23:34:37.283	28138	27996	1
346320	2021-06-10T06:32:11.590	28122	28099	1
346659	2021-06-13T04:17:34.173	28217	28220	1
347177	2021-06-17T12:14:38.400	28291	18425	1
347224	2021-06-17T14:48:58.780	28303	28235	1
347326	2021-06-18T01:32:55.243	28311	1518	1
347501	2021-06-19T12:09:31.250	28329	21628	1
347502	2021-06-19T12:12:48.097	28329	13135	1
347684	2021-06-21T19:23:06.083	28346	3850	1
347803	2021-06-22T15:12:14.797	28366	2733	1
347812	2021-06-22T15:36:58.823	28365	28235	1
347822	2021-06-22T22:28:16.563	28352	5546	1
347866	2021-06-23T09:51:58.417	28358	4889	1
347867	2021-06-23T09:51:58.417	28358	27942	1
347868	2021-06-23T09:51:58.417	28358	26729	1
347975	2021-06-24T20:05:47.843	28379	13612	1
348029	2021-06-25T11:37:10.070	28395	28235	1
348141	2021-06-26T10:27:00.007	28411	28235	1
348142	2021-06-26T10:27:00.007	28411	28395	1
348153	2021-06-26T17:08:33.393	28415	28395	1
348219	2021-06-27T14:57:48.867	28410	10623	1
348270	2021-06-27T23:50:03.903	28431	5546	1
348311	2021-06-28T10:22:43.993	28431	182	3
348312	2021-06-28T10:22:43.993	28431	4	3
348313	2021-06-28T10:22:43.993	28431	7088	3
348314	2021-06-28T10:22:43.993	28431	18220	3
348341	2021-06-28T11:44:56.490	28432	7088	3
348369	2021-06-28T13:12:04.727	28441	11057	1
348408	2021-06-28T17:36:20.413	28449	7914	1
348423	2021-06-28T19:16:15.637	28447	4456	1
348428	2021-06-28T19:27:13.963	28447	10492	1
348488	2021-06-29T11:48:23.147	28465	28447	1
348496	2021-06-29T12:05:57.460	28465	12274	1
348513	2021-06-29T15:47:54.793	28418	4	1
348514	2021-06-29T15:48:42.310	28418	28443	1
348836	2021-07-03T03:06:24.400	28495	5658	1
349249	2021-07-07T14:42:27.617	28560	11057	1
349250	2021-07-07T14:42:27.617	28560	10620	1
349361	2021-07-08T11:01:56.253	28581	13418	1
349492	2021-07-09T16:43:52.483	28601	22913	1
349589	2021-07-10T09:05:52.363	28613	28552	1
349823	2021-07-13T04:47:48.253	28581	13418	3
349842	2021-07-13T07:28:07.890	28645	26977	1
350134	2021-07-15T07:09:05.693	28666	28639	1
350206	2021-07-15T15:37:55.433	28577	8534	1
350237	2021-07-16T00:35:00.560	28691	28089	1
350364	2021-07-17T00:37:03.773	28705	20377	1
350402	2021-07-17T16:50:58.580	28710	12510	1
350403	2021-07-17T16:50:58.580	28710	21394	1
350404	2021-07-17T16:50:58.580	28710	11172	1
350405	2021-07-17T16:50:58.580	28710	21957	1
350406	2021-07-17T16:50:58.580	28710	21999	1
350407	2021-07-17T16:50:58.580	28710	23817	1
350951	2021-07-22T03:32:51.903	28744	17270	1
351204	2021-07-24T15:39:24.103	7838	17084	1
351283	2021-07-25T15:45:33.957	17084	16610	1
351387	2021-07-26T13:29:10.173	28838	28843	1
351429	2021-07-26T23:12:58.957	28852	26597	1
351561	2021-07-28T00:14:14.653	28871	6658	1
351653	2021-07-28T08:56:09.447	28877	28871	1
351698	2021-07-28T10:46:51.140	28877	28574	1
352793	2021-07-29T06:44:56.497	29896	28574	1
352934	2021-07-30T03:15:36.043	29915	28744	1
352957	2021-07-30T12:19:42.223	29917	28059	1
352963	2021-07-30T12:24:58.233	29917	17055	1
352964	2021-07-30T12:29:42.013	29917	6836	1
353024	2021-07-30T16:27:27.797	28890	13460	1
353072	2021-07-31T10:04:54.290	29922	29936	1
353104	2021-07-31T13:50:08.383	28598	23261	1
353210	2021-08-01T11:21:32.410	29953	23161	1
353221	2021-08-01T12:01:00.353	29950	16826	1
353274	2021-08-02T02:21:33.010	29963	28877	1
353275	2021-08-02T02:21:33.010	29963	28288	1
353290	2021-08-02T05:20:26.260	29965	29953	1
353291	2021-08-02T05:20:26.260	29965	23161	1
353404	2021-08-02T23:06:37.117	29983	29970	1
353422	2021-08-03T01:48:00.720	24097	29965	1
353423	2021-08-03T01:48:00.720	24097	29953	1
353528	2021-08-03T13:04:49.960	29963	11979	1
353560	2021-08-03T14:35:29.760	29994	29989	1
358096	2021-08-03T22:59:24.013	30007	29915	1
360297	2021-08-04T11:26:47.783	30012	23983	1
360334	2021-08-04T14:37:44.487	30014	21584	3
360433	2021-08-05T12:16:07.073	30029	29942	1
360481	2021-08-06T00:48:56.297	30035	9005	1
360482	2021-08-06T00:48:56.297	30035	13646	1
360602	2021-08-06T19:36:57.273	30050	2008	1
360688	2021-08-07T12:30:08.373	21584	12264	1
360689	2021-08-07T12:30:08.373	21584	25872	1
360690	2021-08-07T12:30:08.373	21584	9105	1
360694	2021-08-07T13:47:28.447	30066	30037	1
360695	2021-08-07T13:48:20.123	30037	30066	1
360721	2021-08-07T23:14:07.207	30070	28023	1
360750	2021-08-08T07:49:37.640	30073	29985	1
360780	2021-08-08T12:30:28.213	30075	25166	1
360958	2021-08-09T23:18:02.587	30104	30057	1
360968	2021-08-10T00:30:13.233	30102	17605	1
360969	2021-08-10T00:32:00.340	30102	11375	1
361057	2021-08-10T18:14:53.473	30113	4085	1
361093	2021-08-10T22:51:41.410	30045	13865	1
361094	2021-08-10T22:51:41.410	30045	7838	1
361105	2021-08-11T03:24:11.050	30119	27341	1
361215	2021-08-12T09:59:21.970	30141	9491	1
361379	2021-08-14T11:01:43.957	30165	11226	1
361488	2021-08-16T10:33:24.667	30178	28888	1
361627	2021-08-17T00:21:52.597	30200	22426	1
361628	2021-08-17T00:21:52.597	30200	29896	1
361629	2021-08-17T00:21:52.597	30200	28574	1
361630	2021-08-17T00:21:52.597	30200	28877	1
361956	2021-08-19T10:40:19.647	30201	17325	1
361991	2021-08-19T13:10:35.520	30197	28390	1
362018	2021-08-19T23:05:49.753	30265	12870	1
362396	2021-08-23T22:47:24.823	30308	23507	1
362397	2021-08-23T22:47:24.823	30308	12044	1
362398	2021-08-23T22:47:24.823	30308	20355	1
362445	2021-08-24T02:04:26.287	30308	5990	1
362495	2021-08-24T11:32:30.880	30342	12558	1
362613	2021-08-25T13:45:55.523	30356	14224	1
362731	2021-08-26T14:02:54.183	30388	28888	1
362939	2021-08-29T06:55:14.683	30425	2008	1
363007	2021-08-30T01:59:12.470	30440	30378	1
364405	2021-09-02T16:26:47.727	30506	1768	1
364576	2021-09-04T04:54:15.977	22201	31536	1
364857	2021-09-07T10:07:12.977	31586	31526	1
364955	2021-09-08T03:26:36.167	31587	23774	1
364956	2021-09-08T03:26:36.167	31587	23875	1
365085	2021-09-09T13:14:21.423	30481	3089	1
365086	2021-09-09T13:14:21.423	30481	4864	1
365095	2021-09-09T13:36:42.647	31617	77	1
365096	2021-09-09T13:36:42.647	31617	3533	1
365097	2021-09-09T13:36:42.647	31617	2236	1
365098	2021-09-09T13:36:42.647	31617	6185	1
365099	2021-09-09T13:36:42.647	31617	3494	1
365100	2021-09-09T13:36:42.647	31617	1531	1
365156	2021-09-10T00:53:29.717	31631	31598	1
365228	2021-09-10T18:27:53.450	31644	12189	1
365229	2021-09-10T18:27:53.450	31644	22603	1
365230	2021-09-10T18:27:53.450	31644	23292	1
365244	2021-09-11T04:12:43.427	21411	31536	1
365284	2021-09-11T12:57:23.520	31650	5970	1
365296	2021-09-11T14:50:48.793	31658	31654	1
365538	2021-09-14T01:15:34.520	31682	31654	1
365539	2021-09-14T01:15:34.520	31682	31658	1
365540	2021-09-14T01:15:34.520	31682	31664	1
365777	2021-09-15T22:41:22.227	31690	31701	1
365862	2021-09-17T01:28:12.480	31713	28890	1
366139	2021-09-19T23:53:45.310	31614	22627	1
366156	2021-09-20T00:22:41.680	31703	13317	1
366157	2021-09-20T00:24:13.737	31703	31702	1
366205	2021-09-20T13:29:51.330	31770	13194	1
366250	2021-09-20T23:27:48.573	30469	28888	1
366460	2021-09-22T13:25:27.580	31784	1635	1
366484	2021-09-22T20:12:32.807	31784	15449	1
366544	2021-09-23T08:28:12.110	28888	30469	1
366598	2021-09-23T15:11:48.183	2490	18204	1
366705	2021-09-24T12:28:52.723	31822	31820	1
366712	2021-09-24T12:59:40.807	4774	4456	1
366859	2021-09-26T21:55:10.393	6934	17783	1
366957	2021-09-28T07:21:21.063	31859	5769	1
367099	2021-09-29T13:29:05.037	12510	5092	1
367288	2021-10-01T11:35:06.327	31895	29970	1
367311	2021-10-01T17:15:33.430	31902	5471	1
371751	2021-10-04T17:08:16.927	31914	25457	1
371810	2021-10-05T13:26:23.403	31915	30324	1
371824	2021-10-05T16:56:16.487	18378	24353	1
371955	2021-10-06T23:19:42.280	31915	30324	3
372007	2021-10-07T14:43:49.023	31958	11169	1
372012	2021-10-07T14:49:37.367	31958	22627	1
372120	2021-10-08T12:23:36.243	31970	5322	1
372163	2021-10-09T01:06:24.280	31981	31821	1
372193	2021-10-09T11:59:26.050	31984	13317	1
372321	2021-10-10T20:01:24.430	31998	28740	1
372336	2021-10-10T21:12:46.540	31984	13317	3
372340	2021-10-10T22:09:03.567	32001	32000	1
372385	2021-10-11T10:29:43.683	14320	13317	3
372441	2021-10-11T22:43:55.293	12366	18785	1
372467	2021-10-12T07:53:40.873	32011	32013	1
372468	2021-10-12T08:45:29.347	32020	1288	1
372640	2021-10-13T02:01:44.923	32038	15601	1
372674	2021-10-13T10:56:26.063	8701	18785	1
372697	2021-10-13T12:00:51.067	30469	32042	1
372763	2021-10-13T15:45:03.933	32043	9595	1
372930	2021-10-15T18:05:33.813	32062	80	1
373095	2021-10-16T18:02:53.103	32070	13973	1
373122	2021-10-16T23:08:40.167	28105	2516	1
373458	2021-10-20T13:35:24.887	32128	31998	1
373463	2021-10-20T14:33:59.637	32042	28888	1
373607	2021-10-22T13:09:12.167	32140	25102	1
373629	2021-10-22T14:14:50.817	20532	32010	1
373684	2021-10-23T02:13:14.047	32105	32161	1
373715	2021-10-23T14:36:35.523	32144	8427	1
374085	2021-10-27T13:00:35.400	8701	21999	1
374086	2021-10-27T13:03:12.477	32200	8701	1
374264	2021-10-29T12:19:45.480	32208	20377	1
374541	2021-11-02T12:03:40.963	32253	5990	1
374542	2021-11-02T12:03:40.963	32253	23507	1
374648	2021-11-03T12:21:02.603	32253	5990	3
374649	2021-11-03T12:21:02.603	32253	23507	3
374650	2021-11-03T12:21:02.603	32253	3647	3
374651	2021-11-03T12:21:02.603	32253	22010	3
374758	2021-11-04T12:36:58.910	32274	12870	1
374786	2021-11-04T14:38:02.267	32279	4037	1
374787	2021-11-04T14:38:02.267	32279	1824	1
374788	2021-11-04T14:38:02.267	32279	15449	1
374789	2021-11-04T14:38:02.267	32279	7875	1
375099	2021-11-07T17:30:46.210	32316	6426	1
375228	2021-11-08T21:48:24.657	32332	22783	1
375271	2021-11-09T17:14:06.430	32330	32333	1
375365	2021-11-10T12:02:48.033	32338	27404	1
375494	2021-11-11T16:01:54.710	32372	32042	1
375678	2021-11-13T14:28:49.937	32389	10289	1
375849	2021-11-15T14:35:12.130	32403	22269	1
375980	2021-11-16T18:21:40.177	3862	11979	3
375981	2021-11-16T18:24:34.537	3862	11979	1
376005	2021-11-16T22:08:41.857	32421	17870	1
376006	2021-11-16T22:11:14.910	32421	20355	1
376007	2021-11-16T22:11:14.910	32421	20388	1
376066	2021-11-17T12:57:15.793	32434	3374	1
376067	2021-11-17T12:57:15.793	32434	3548	1
376068	2021-11-17T12:57:15.793	32434	3291	1
376069	2021-11-17T12:57:15.793	32434	4509	1
376115	2021-11-17T14:17:26.953	32439	9924	1
376159	2021-11-17T20:18:59.517	32444	5428	1
376208	2021-11-18T15:20:13.673	32439	9924	3
376366	2021-11-19T22:19:26.910	22907	10584	1
376367	2021-11-19T22:19:26.910	22907	24465	1
376368	2021-11-19T22:19:56.087	24465	22907	1
376369	2021-11-19T22:26:47.353	32464	18017	1
376370	2021-11-19T22:26:47.353	32464	10584	1
376371	2021-11-19T22:26:47.353	32464	21723	1
376372	2021-11-19T22:39:49.043	32424	17629	1
376397	2021-11-20T00:59:09.977	32471	32472	1
376639	2021-11-22T19:00:41.593	32497	20903	1
376640	2021-11-22T19:00:41.593	32497	20127	1
376751	2021-11-24T14:10:47.250	32507	5728	1
377076	2021-11-28T03:16:22.563	32537	5318	1
377134	2021-11-29T00:57:45.880	32445	13106	1
377163	2021-11-29T11:53:21.163	32446	6579	1
377168	2021-11-29T12:13:04.810	32547	1334	1
377272	2021-11-30T13:00:28.440	32561	10916	1
377273	2021-11-30T13:00:28.440	32561	7088	1
377274	2021-11-30T13:00:28.440	32561	3156	1
377275	2021-11-30T13:00:28.440	32561	4	1
377276	2021-11-30T13:00:28.440	32561	182	1
377285	2021-11-30T14:56:52.417	32565	21632	1
377300	2021-11-30T15:23:19.587	27979	24643	1
377301	2021-11-30T15:23:57.557	27979	27326	1
377306	2021-11-30T15:37:49.577	32565	20176	1
377475	2021-12-01T16:49:44.127	32571	16826	1
380524	2021-12-01T23:40:10.787	32594	24884	1
381715	2021-12-04T18:35:06.653	32622	2236	1
381716	2021-12-04T18:35:06.653	32622	77	1
381769	2021-12-05T08:39:20.687	32565	20176	3
381843	2021-12-05T17:17:10.443	32639	23507	1
381844	2021-12-05T17:17:10.443	32639	22010	1
381845	2021-12-05T17:17:10.443	32639	3291	1
381846	2021-12-05T17:37:02.580	7025	23507	1
381859	2021-12-05T18:08:20.737	32637	24613	1
381860	2021-12-05T18:10:31.007	32637	20850	1
381887	2021-12-05T20:12:37.023	32647	3089	1
381905	2021-12-06T08:28:43.807	8791	103	1
382022	2021-12-07T10:05:36.590	1476	17084	1
382054	2021-12-07T15:51:20.510	32668	21910	1
382064	2021-12-07T16:03:22.223	32668	9024	1
382067	2021-12-07T16:09:48.370	9024	12991	1
382068	2021-12-07T16:11:39.843	9024	10575	1
382069	2021-12-07T16:16:19.577	9024	2226	1
382070	2021-12-07T16:26:17.650	9024	21388	1
382071	2021-12-07T16:28:43.527	9024	17603	1
382072	2021-12-07T16:33:24.617	9024	10492	1
382073	2021-12-07T16:40:16.243	9024	14167	1
382074	2021-12-07T16:42:40.737	9024	28106	1
382125	2021-12-07T22:07:15.500	32624	32663	1
382303	2021-12-09T09:56:59.983	13646	25872	1
382526	2021-12-10T16:12:11.723	11793	23161	1
382545	2021-12-10T21:33:32.723	27954	32696	1
382793	2021-12-12T09:11:56.263	13544	32553	1
382814	2021-12-12T11:23:59.510	32718	32567	1
382882	2021-12-12T12:50:40.483	17196	5511	1
382883	2021-12-12T12:51:23.623	17196	2820	1
382960	2021-12-12T15:30:27.733	8707	1756	1
382961	2021-12-12T15:30:27.733	8707	12558	1
382962	2021-12-12T15:30:27.733	8707	12991	1
382963	2021-12-12T15:30:27.733	8707	26289	1
383114	2021-12-12T20:06:14.027	27233	10442	1
383262	2021-12-13T10:21:50.833	16725	17670	1
383271	2021-12-13T10:44:14.490	5410	21427	1
383289	2021-12-13T13:16:35.367	16224	21797	1
383305	2021-12-13T14:24:07.340	7488	20879	1
383330	2021-12-13T15:25:22.067	32744	21910	1
383345	2021-12-13T17:29:59.473	32744	10492	1
383354	2021-12-13T19:53:00.260	32749	8348	1
383355	2021-12-13T19:53:00.260	32749	11992	1
383395	2021-12-14T09:03:42.750	28261	20850	1
383430	2021-12-14T13:26:12.503	32752	247	1
383483	2021-12-14T17:32:06.403	32752	21797	1
383579	2021-12-15T01:07:25.423	32765	3209	1
383580	2021-12-15T01:07:25.423	32765	32752	1
383649	2021-12-15T13:28:59.747	16224	146	1
383652	2021-12-15T14:14:31.443	32771	32744	1
383661	2021-12-15T14:15:38.490	32772	32744	1
383667	2021-12-15T14:16:43.010	32773	32744	1
383675	2021-12-15T14:36:44.740	32777	21910	1
384781	2021-12-16T08:49:23.747	33790	18198	1
384943	2021-12-17T00:41:59.070	33799	27407	1
385031	2021-12-17T14:38:56.197	33797	20661	1
385056	2021-12-17T15:40:43.810	26928	10623	1
385057	2021-12-17T15:40:43.810	26928	12870	1
385058	2021-12-17T15:40:43.810	26928	21797	1
385059	2021-12-17T16:01:20.673	33809	33805	1
385220	2021-12-18T12:08:08.543	13573	3287	3
385227	2021-12-18T12:20:02.540	6934	3287	3
385255	2021-12-18T13:23:09.690	33818	11623	1
385267	2021-12-18T15:20:31.840	17783	3287	3
385335	2021-12-18T22:41:33.600	12649	3287	3
385336	2021-12-18T22:41:33.600	12649	18663	3
385354	2021-12-19T09:30:14.640	33824	26366	1
385411	2021-12-19T14:45:51.397	17004	5769	3
385412	2021-12-19T14:45:51.397	17004	3287	3
385424	2021-12-19T16:48:28.203	32426	33824	1
385458	2021-12-19T18:53:30.580	15754	11612	1
385506	2021-12-19T20:42:55.063	22118	17605	1
385517	2021-12-19T21:11:53.317	13566	22118	3
385536	2021-12-19T22:56:53.980	33831	25102	1
385584	2021-12-20T08:22:10.007	33841	33814	1
385596	2021-12-20T09:33:23.793	33838	20567	1
385608	2021-12-20T10:53:52.580	32777	14167	1
385609	2021-12-20T10:57:06.967	32777	22010	1
385610	2021-12-20T11:02:54.003	32777	18278	1
385628	2021-12-20T13:51:27.630	11243	10442	1
385629	2021-12-20T13:51:27.630	11243	11057	1
385630	2021-12-20T13:51:27.630	11243	11244	1
385631	2021-12-20T13:51:27.630	11243	2226	1
385632	2021-12-20T13:51:27.630	11243	20377	1
385814	2021-12-21T10:22:26.763	33851	4456	1
385815	2021-12-21T10:23:18.083	33851	18017	1
385915	2021-12-21T15:30:11.617	1432	6267	1
385956	2021-12-21T17:43:01.310	1431	9165	1
386000	2021-12-21T22:25:13.140	33862	18006	1
386073	2021-12-22T10:19:13.343	17056	1742	3
386074	2021-12-22T10:19:13.343	17056	86	3
386075	2021-12-22T10:19:13.343	17056	35	3
386076	2021-12-22T10:19:13.343	17056	12558	3
386077	2021-12-22T10:19:13.343	17056	7838	3
386080	2021-12-22T10:26:46.490	21219	86	3
386081	2021-12-22T10:26:46.490	21219	1742	3
386097	2021-12-22T11:51:05.087	20310	15859	3
386121	2021-12-22T13:37:02.537	5546	21957	1
386162	2021-12-22T16:56:04.457	33862	32477	1
386200	2021-12-22T22:54:30.300	2604	182	3
386201	2021-12-22T22:54:30.300	2604	4	3
386202	2021-12-22T22:54:30.300	2604	7088	3
386208	2021-12-22T22:56:04.897	28418	182	3
386209	2021-12-22T22:56:04.897	28418	4	3
386210	2021-12-22T22:56:04.897	28418	7088	3
386218	2021-12-22T23:08:47.087	4423	3850	3
386252	2021-12-23T04:47:33.193	28220	28217	1
386335	2021-12-23T15:41:11.660	13150	18198	1
386591	2021-12-24T21:37:34.163	33893	24921	1
386604	2021-12-24T22:10:19.403	33891	21042	1
386607	2021-12-24T22:43:01.013	33893	24413	1
386634	2021-12-25T10:02:55.310	33892	5586	1
386635	2021-12-25T10:04:08.750	33892	1391	1
386640	2021-12-25T11:18:28.713	33892	1391	3
386641	2021-12-25T11:18:28.713	33892	5586	3
386713	2021-12-25T18:23:57.170	21	13706	1
386722	2021-12-25T23:26:50.683	13575	3885	3
386763	2021-12-26T11:57:58.907	33912	21797	1
386788	2021-12-26T14:03:51.817	7134	17492	3
386792	2021-12-26T14:17:45.907	17977	3402	1
386827	2021-12-26T18:49:28.110	32415	23507	1
386884	2021-12-27T07:05:13.967	33927	5728	1
386899	2021-12-27T09:11:19.197	33923	18381	1
386918	2021-12-27T11:22:44.307	33927	13612	1
386983	2021-12-27T21:03:50.300	33935	6298	1
387086	2021-12-28T12:31:09.913	33944	16667	1
387165	2021-12-28T22:37:16.503	17101	18663	1
387180	2021-12-28T23:35:23.870	54	9165	1
387228	2021-12-29T09:49:57.033	33952	16826	1
387229	2021-12-29T09:49:57.033	33952	32784	1
387481	2021-12-30T13:16:53.160	33946	21938	1
387482	2021-12-30T13:21:02.790	33946	21938	3
387660	2021-12-31T11:28:11.170	33979	16667	1
387681	2021-12-31T13:16:40.743	22286	11539	3
387682	2021-12-31T13:16:40.743	22286	86	3
387800	2022-01-01T10:53:49.023	33986	1420	3
387805	2022-01-01T11:04:36.527	33986	1420	1
388145	2022-01-02T17:42:33.930	34002	23803	1
388173	2022-01-02T23:38:45.330	34005	17113	1
388243	2022-01-03T12:03:45.300	27081	10620	1
388244	2022-01-03T12:03:45.300	27081	25457	1
388252	2022-01-03T12:36:45.440	27081	6579	1
388282	2022-01-03T19:46:26.597	34014	17682	1
388339	2022-01-04T01:32:01.847	34016	10623	1
388428	2022-01-04T14:49:46.933	34010	21999	1
388429	2022-01-04T14:49:46.933	34010	21394	1
388430	2022-01-04T14:49:46.933	34010	18785	1
388431	2022-01-04T14:49:46.933	34010	31587	1
388432	2022-01-04T14:51:48.913	34010	13317	1
388433	2022-01-04T14:57:54.800	34010	7683	1
388538	2022-01-05T09:21:28.097	34034	32605	1
388539	2022-01-05T09:21:28.097	34034	33859	1
388575	2022-01-05T10:45:05.457	33983	11405	1
388706	2022-01-05T22:48:39.150	33954	28877	1
388707	2022-01-05T22:48:39.150	33954	33952	1
388816	2022-01-06T10:02:22.753	34042	11375	1
388855	2022-01-06T11:39:21.883	27260	20308	1
388948	2022-01-06T21:21:55.093	34042	10474	1
388951	2022-01-06T21:39:39.180	34075	32754	1
389098	2022-01-07T19:07:35.743	34078	9812	1
389151	2022-01-08T00:20:26.733	17002	12991	1
389152	2022-01-08T00:20:26.733	17002	24816	1
389153	2022-01-08T00:20:26.733	17002	16807	1
389154	2022-01-08T00:20:26.733	17002	11803	1
389272	2022-01-08T21:04:57.067	34092	11667	3
389273	2022-01-08T21:04:57.067	34092	18835	3
389444	2022-01-10T10:57:54.513	9914	23740	1
389533	2022-01-10T18:34:56.453	34085	21699	1
389616	2022-01-11T10:25:02.177	3640	12558	3
390089	2022-01-14T09:30:26.730	34152	29983	3
390090	2022-01-14T09:30:26.730	34152	23472	3
390092	2022-01-14T12:04:36.380	6892	15820	1
390093	2022-01-14T12:06:08.737	6892	26448	1
390173	2022-01-14T17:56:22.920	21142	7446	1
390200	2022-01-14T19:30:33.767	18798	22269	1
390343	2022-01-16T00:21:25.670	31654	31658	1
390385	2022-01-16T08:29:56.177	34168	30378	1
390414	2022-01-16T09:50:24.390	34168	16684	1
390725	2022-01-18T08:38:09.163	34191	4456	1
390767	2022-01-18T15:50:23.927	34153	34184	1
390768	2022-01-18T16:07:37.597	34174	33885	1
391054	2022-01-20T15:45:47.770	34227	18204	3
391055	2022-01-20T15:45:47.770	34227	15	3
391056	2022-01-20T15:45:47.770	34227	41	3
391057	2022-01-20T15:45:47.770	34227	74	3
391058	2022-01-20T15:45:47.770	34227	17196	3
391276	2022-01-21T23:02:27.283	34244	11057	1
391277	2022-01-21T23:02:27.283	34244	20309	1
391278	2022-01-21T23:02:27.283	34244	20622	1
391279	2022-01-21T23:02:27.283	34244	22783	1
391404	2022-01-22T21:45:31.967	20309	22783	1
391412	2022-01-22T22:49:41.387	34255	26928	1
391463	2022-01-23T07:38:45.727	25439	26637	1
391472	2022-01-23T09:53:56.863	34258	5990	3
391511	2022-01-23T11:49:40.327	5990	7446	1
391512	2022-01-23T11:53:05.237	5990	35	1
391754	2022-01-24T12:58:44.287	21684	20982	1
391919	2022-01-25T08:09:50.373	34289	7680	1
392308	2022-01-27T20:07:44.370	34314	34041	1
392403	2022-01-28T13:27:22.553	34326	12870	1
392423	2022-01-28T15:51:32.967	34329	20377	1
406341	2022-02-01T08:22:50.093	34361	12870	1
407014	2022-02-04T22:56:04.470	34424	10442	1
407019	2022-02-04T23:13:40.187	34424	10442	3
407070	2022-02-05T09:53:41.463	34422	6026	1
407264	2022-02-06T08:57:38.857	34430	22010	1
407265	2022-02-06T08:57:38.857	34430	3647	1
407266	2022-02-06T08:57:38.857	34430	5990	1
407596	2022-02-08T09:33:14.643	34450	25457	1
408035	2022-02-10T13:57:03.583	34488	2531	1
408036	2022-02-10T13:57:03.583	34488	12011	1
408234	2022-02-11T13:00:42.987	34482	34314	1
408643	2022-02-13T23:33:35.643	34450	25457	3
408907	2022-02-15T15:56:26.180	34532	34389	1
409107	2022-02-17T09:44:33.623	34562	14167	1
409127	2022-02-17T11:12:49.877	34567	20850	1
409237	2022-02-18T08:53:42.503	34572	14047	1
409248	2022-02-18T09:10:31.243	34568	34551	1
409541	2022-02-20T06:22:39.080	34604	7247	1
409874	2022-02-22T16:41:58.770	34562	14167	3
409875	2022-02-22T16:42:49.627	34572	14047	3
410002	2022-02-23T19:42:18.780	34635	21194	1
410003	2022-02-23T19:42:18.780	34635	23667	1
410406	2022-02-27T11:49:30.063	34640	34201	1
410501	2022-02-28T10:16:49.820	34642	9491	1
410502	2022-02-28T10:18:40.197	34642	7755	1
410661	2022-03-01T09:15:51.343	34679	4456	1
410681	2022-03-01T10:37:19.897	34679	4456	3
410939	2022-03-03T07:38:39.123	18390	34704	1
410940	2022-03-03T08:13:23.467	34701	12870	1
410941	2022-03-03T08:58:58.863	34704	11285	1
410951	2022-03-03T10:07:09.467	34704	11285	3
411041	2022-03-03T17:08:18.153	34701	12870	3
411118	2022-03-04T11:33:26.933	25392	2980	1
411992	2022-03-10T09:24:59.200	34773	7875	1
411993	2022-03-10T09:24:59.200	34773	15497	1
412304	2022-03-12T09:55:03.310	34800	11684	1
413132	2022-03-17T10:57:10.133	34851	11431	1
413329	2022-03-18T12:08:25.240	34873	36	1
413331	2022-03-18T12:14:05.647	34872	17661	1
413332	2022-03-18T12:14:05.647	34872	21740	1
413392	2022-03-18T16:43:27.737	34876	4725	1
413457	2022-03-19T00:01:02.710	23221	21810	1
413585	2022-03-19T13:03:01.747	6298	33935	1
413588	2022-03-19T13:19:31.570	34889	6298	1
413589	2022-03-19T13:19:31.570	34889	33935	1
413901	2022-03-21T10:52:37.883	34881	6026	1
413902	2022-03-21T10:52:37.883	34881	9182	1
413903	2022-03-21T10:52:37.883	34881	6426	1
413963	2022-03-21T13:41:40.593	34910	20377	1
414095	2022-03-22T11:51:42.063	34922	23482	1
414279	2022-03-23T12:07:07.397	34938	21810	1
414280	2022-03-23T12:07:07.397	34938	32300	1
415483	2022-03-30T12:57:57.287	35023	14167	1
415502	2022-03-30T13:49:42.073	35017	12206	1
416701	2022-03-31T20:03:43.163	35017	12206	3
427424	2022-04-01T10:20:45.787	35052	31821	1
427595	2022-04-02T01:05:36.457	35063	22673	1
427765	2022-04-03T05:48:13.963	27260	35072	1
428117	2022-04-04T22:06:47.420	35095	20808	1
428118	2022-04-04T22:06:47.420	35095	7159	1
429357	2022-04-11T14:09:05.713	35168	9978	1
429449	2022-04-12T07:58:37.687	35175	20044	1
429620	2022-04-12T23:01:02.687	35182	1416	1
429621	2022-04-12T23:01:02.687	35182	21992	1
429622	2022-04-12T23:01:02.687	35182	2226	1
429623	2022-04-12T23:01:02.687	35182	13612	1
429702	2022-04-13T12:40:13.590	35193	3502	1
429759	2022-04-13T16:09:37.167	35194	9165	1
429945	2022-04-14T09:53:28.940	35204	20075	1
430436	2022-04-16T23:34:16.160	35246	10442	1
430867	2022-04-20T17:22:46.263	35285	13088	1
430875	2022-04-20T17:45:00.230	35285	14167	1
431133	2022-04-23T08:47:34.683	35290	18006	1
431134	2022-04-23T08:49:22.480	35289	13612	1
431135	2022-04-23T08:49:22.480	35289	22913	1
431242	2022-04-24T10:20:16.620	28662	17084	1
431243	2022-04-24T10:20:16.620	28662	233	1
431244	2022-04-24T10:20:16.620	28662	145	1
431245	2022-04-24T10:20:16.620	28662	7431	1
431246	2022-04-24T10:24:59.900	28662	21797	1
431524	2022-04-27T10:03:28.343	35317	13254	1
432117	2022-05-02T14:41:37.497	35389	10839	1
432118	2022-05-02T14:44:44.587	35387	35182	1
432434	2022-05-05T09:59:23.100	35420	3156	1
433066	2022-05-10T04:22:53.337	35420	3156	3
433615	2022-05-14T11:07:52.003	35514	12870	1
433721	2022-05-15T06:19:33.753	35517	34973	1
433788	2022-05-15T15:36:41.880	35522	18378	1
433794	2022-05-15T20:25:21.170	35526	31737	1
434121	2022-05-18T13:18:25.953	35563	28888	1
434326	2022-05-19T21:59:14.887	35592	3873	1
434693	2022-05-22T21:20:40.473	35618	17783	1
434742	2022-05-23T10:59:17.607	35618	17783	3
434909	2022-05-24T16:05:04.877	35641	15761	1
435084	2022-05-25T18:31:32.070	35653	18278	1
435085	2022-05-25T18:31:32.070	35653	21388	1
435323	2022-05-27T13:44:02.970	35675	12158	1
435324	2022-05-27T13:44:02.970	35675	28405	1
435398	2022-05-28T11:04:50.140	35672	6982	1
435613	2022-05-29T17:15:45.557	35672	6982	3
435763	2022-05-30T11:03:23.627	35715	35596	1
435764	2022-05-30T11:03:23.627	35715	35596	3
441855	2022-05-31T02:33:17.183	35720	14224	1
442241	2022-06-02T20:00:14.957	35759	11933	1
442299	2022-06-03T05:12:05.727	35763	5092	1
442494	2022-06-04T14:32:56.623	17910	26366	1
442498	2022-06-04T14:46:44.060	24564	26366	1
442590	2022-06-05T10:13:42.210	35663	6426	1
442636	2022-06-05T18:02:40.470	35792	6407	1
442653	2022-06-05T19:43:49.363	35791	34570	1
442925	2022-06-07T10:54:45.757	35823	35809	1
442944	2022-06-07T12:09:44.713	35821	16599	1
443077	2022-06-08T14:09:48.027	35821	16599	3
443107	2022-06-08T15:08:33.397	8251	2980	3
443148	2022-06-08T19:17:53.807	35842	35793	1
443570	2022-06-11T10:32:14.457	35879	27312	1
443651	2022-06-12T08:25:22.043	27341	17670	1
443995	2022-06-14T10:35:27.793	35912	21719	1
444111	2022-06-15T02:10:40.087	35912	21719	3
444131	2022-06-15T09:11:05.247	35928	9236	1
444132	2022-06-15T09:14:10.463	35914	11640	1
444169	2022-06-15T16:12:39.533	35938	35934	1
444222	2022-06-15T23:26:11.953	35940	35941	1
444712	2022-06-20T04:31:31.470	35989	35986	1
445117	2022-06-23T13:58:32.483	36025	12239	1
445141	2022-06-23T20:26:26.647	36040	26864	1
445142	2022-06-23T20:26:26.647	36040	34168	1
445314	2022-06-25T08:29:13.977	34168	36040	1
445402	2022-06-26T08:36:18.210	36062	17084	1
445403	2022-06-26T08:36:18.210	36062	1476	1
445404	2022-06-26T08:44:20.680	36062	28662	1
445405	2022-06-26T08:44:20.680	36062	26007	1
445406	2022-06-26T08:44:20.680	36062	21427	1
445763	2022-06-28T23:01:10.203	36090	15986	1
445885	2022-06-29T17:21:51.847	36123	27932	1
445955	2022-06-30T03:52:13.973	35928	9236	3
446174	2022-07-01T15:17:30.323	36147	6982	1
446428	2022-07-03T19:14:39.133	36165	22851	1
446460	2022-07-04T00:12:36.733	36179	30083	1
446609	2022-07-04T17:36:47.217	36182	23507	1
446629	2022-07-04T22:14:08.743	36181	26366	1
446805	2022-07-05T18:15:12.637	36204	12274	1
446868	2022-07-06T08:43:38.267	36194	36189	1
446869	2022-07-06T08:44:13.667	36189	36194	1
446958	2022-07-06T13:04:31.633	36227	5728	1
447009	2022-07-06T17:18:39.583	36234	7680	1
447010	2022-07-06T17:19:28.533	7680	36234	1
447011	2022-07-06T17:23:15.037	36227	13612	1
447012	2022-07-06T17:23:15.037	36227	33927	1
447013	2022-07-06T17:23:15.037	36227	23998	1
447014	2022-07-06T17:23:15.037	36227	22913	1
447128	2022-07-07T15:46:48.667	36246	3647	1
447129	2022-07-07T16:01:39.083	36207	36223	1
447217	2022-07-08T12:42:21.963	36259	28272	1
447285	2022-07-09T07:28:25.997	36207	36223	3
447420	2022-07-10T08:11:10.560	36254	21159	1
447439	2022-07-10T09:59:08.290	36254	21159	3
447445	2022-07-10T11:28:48.503	36273	11226	1
447513	2022-07-10T17:44:45.777	36288	9141	1
447799	2022-07-12T14:49:00.727	36316	36271	1
448706	2022-07-19T13:21:02.670	36376	36381	1
448833	2022-07-20T10:43:28.140	36421	7736	1
448834	2022-07-20T10:43:28.140	36421	23019	1
448873	2022-07-20T17:57:22.930	36422	36248	1
449084	2022-07-22T17:58:17.810	36445	11667	1
449566	2022-07-26T16:38:18.837	36484	21511	1
449818	2022-07-28T18:36:40.153	36512	9141	1
456683	2022-07-30T16:02:13.940	18492	20075	1
456721	2022-07-30T22:40:30.567	36546	21356	1
456722	2022-07-30T22:40:30.567	36546	21398	1
457460	2022-08-05T08:02:58.233	36622	27299	1
457881	2022-08-08T09:13:39.100	36654	9766	1
457882	2022-08-08T09:13:39.100	36654	14224	1
458002	2022-08-09T08:11:51.683	36636	32497	1
458176	2022-08-10T09:06:21.780	36292	5728	1
458451	2022-08-12T06:37:21.467	36697	12264	1
458820	2022-08-14T23:14:08.697	36726	36407	1
459094	2022-08-17T08:51:25.723	36788	22945	1
459113	2022-08-17T10:45:23.217	36776	36441	1
459275	2022-08-19T08:59:45.337	36805	3850	1
459520	2022-08-21T13:25:49.850	36831	14121	1
459565	2022-08-21T16:17:43.717	36805	3850	3
460332	2022-08-28T11:49:12.140	36222	36639	1
460585	2022-08-30T16:37:42.523	36930	32426	1
461354	2022-09-06T13:03:15.463	36983	28291	1
461355	2022-09-06T13:03:15.463	36983	24157	1
461356	2022-09-06T13:06:13.103	36977	28291	1
461357	2022-09-06T13:06:13.103	36977	24157	1
461358	2022-09-06T13:09:43.917	36975	18425	1
461359	2022-09-06T13:09:43.917	36975	28291	1
461360	2022-09-06T13:09:43.917	36975	24157	1
461888	2022-09-10T17:59:04.687	37058	25178	1
